trddy,600000.SH,600028.SH,600030.SH,600031.SH,600036.SH,600048.SH,600050.SH,600104.SH,600196.SH,600276.SH,600309.SH,600436.SH,600438.SH,600519.SH,600547.SH,600570.SH,600585.SH,600588.SH,600690.SH,600745.SH,600809.SH,600837.SH,600887.SH,600893.SH,600900.SH,601012.SH,601066.SH,601088.SH,601138.SH,601166.SH,601211.SH,601288.SH,601318.SH,601336.SH,601398.SH,601601.SH,601628.SH,601633.SH,601668.SH,601688.SH,601728.SH,601857.SH,601888.SH,601899.SH,601919.SH,601995.SH,603259.SH,603288.SH,603501.SH,603986.SH
2021/3/1,10.58,4.57,25.62,44.25,50.39,16.08,4.48,21.22,46.22,100.31,130.14,302.12,47.5,2158,22.36,90.36,53.14,37.68,29.63,104.3,310.52,12.02,43.8,62.85,19.67,109.41,35.45,17.82,13.85,24.91,16.56,3.25,84.84,51.86,5.34,43.56,33.06,31.83,5.06,17.07,,4.37,324.56,12.32,12.92,58.2,148.66,172.48,290.47,202.8
2021/3/2,10.47,4.38,25.16,43.5,49.55,16.02,4.38,20.89,45.01,98.35,122.42,292,46.84,2058,22.41,90.68,53.44,35.56,29.55,103.29,308.82,11.94,43,66.08,19.75,109.99,35.92,17.98,13.58,24.87,16.37,3.21,83.23,51.7,5.29,44,33.1,31.36,4.99,16.97,,4.27,316.1,11.75,11.63,56.92,142,169.63,295,204.66
2021/3/3,10.92,4.46,25.37,43.25,52.77,16.08,4.44,21.17,44.73,101.35,125.85,298.5,43.1,2140,22.49,92.35,54.28,35.8,29.44,107.14,316.52,12.13,43.67,65.85,20.03,108,36.46,18.36,13.9,25.97,16.6,3.28,86.75,54.98,5.45,45.31,34.03,31.87,5.02,17.24,,4.31,324.5,12.32,11.6,57.64,145.71,171.16,297.02,199
2021/3/4,10.88,4.45,24.81,40.99,52.4,15.62,4.41,20.72,42.7,100.5,114.32,282.7,38.79,2033,22.28,87.97,53.28,33.83,28.29,104.9,301.72,11.97,41.5,64.78,20.27,98.1,36.26,18.1,13.63,25.3,16.36,3.3,86.3,55.47,5.45,45.13,34.14,30.41,5.03,16.93,,4.33,309.63,11.45,10.8,54.4,138.48,164.5,275.98,194.01
2021/3/5,10.86,4.5,25.05,41.11,51.4,15.33,4.43,20.84,42.55,100.3,109.79,281.53,37.24,2060.11,22.16,89.06,51.21,33.11,28.14,106.15,310.78,12.12,41.46,59.27,20.2,99.44,37.32,18.18,13.75,24.8,16.47,3.35,84.5,53.33,5.57,43.08,33.33,31.5,5.03,17.26,,4.42,305.88,11,10.65,55.12,135.58,166.5,264.9,194.78
2021/3/8,10.75,4.56,24.54,39.71,49.93,15.18,4.5,20.45,40.3,92.12,107.89,256.06,33.78,1960,22.16,84.54,51.1,33.1,28,104.75,279.7,11.96,39.8,53.34,20.2,89.5,35.92,18.01,13.7,23.77,16.34,3.36,84.95,52.97,5.53,42.93,32.94,28.77,4.99,17.16,,4.51,278.99,10.67,9.62,51.28,125.11,158.55,257.8,181
2021/3/9,10.73,4.52,23.75,36.89,48.5,15.06,4.4,20.46,39.69,91.78,104.02,241.77,32.4,1936.99,21.54,85.3,50.52,34.47,28.14,101.99,257.9,11.83,37.95,48.25,20.25,84,34.1,18.12,13.9,23.21,16.08,3.33,84.05,52.51,5.46,42.16,32.97,29.45,5.01,16.98,,4.47,282.29,10.71,10.27,47.99,126.21,153.67,247.98,173.42
2021/3/10,10.72,4.42,23.69,37.85,49.25,14.9,4.38,19.98,38.8,93.4,108.93,256.76,33.08,1970.01,21.29,84.77,51.01,33.97,28.97,100,283.69,11.72,38.42,48.48,19.9,85,32.89,17.97,13.73,22.89,16.02,3.36,83.28,50.99,5.4,41.4,31.6,30.73,4.95,16.89,,4.39,299.62,10.49,10.1,48.04,133.99,154.3,251.39,171.06
2021/3/11,10.9,4.48,24.03,38.15,51.97,15,4.42,20.07,39.47,93.48,110.75,269.33,34.58,2048,22.16,85.83,53.18,34.05,29.37,101.66,300.99,11.81,39.3,49.35,20.2,88.99,33.21,18.28,13.67,23.79,16.17,3.38,86.36,52.02,5.48,42.1,32.16,30.88,4.99,17.06,,4.44,301.78,11.54,11.05,49.15,139.5,157.6,260.13,173.74
2021/3/12,10.9,4.48,23.78,37.77,53.32,15.18,4.48,20.34,39.79,92.19,116.33,268.15,33.69,2026,21.78,87.8,54.42,33.13,29.99,99.06,312.8,11.87,39.48,48.21,21.32,91.08,32.88,18.57,13.53,23.92,16.21,3.38,85.55,51.39,5.44,41.67,32.05,30.6,5.12,17.01,,4.45,309.41,11.35,11.15,49.52,139.84,155.4,258.52,169
2021/3/15,11.12,4.61,23.26,35.88,53.11,14.98,4.54,20.08,39.94,89.59,113.28,258.2,31.1,1975.45,21.91,87.7,53.85,32.21,28.97,94,285.66,11.77,38.28,47.16,20.94,81.97,31.66,19.2,13.32,24.09,16.13,3.42,85.11,51.63,5.55,41.5,31.81,29.55,5.18,16.78,,4.51,297.8,11.25,10.91,47.1,129.21,149.3,243.1,153.37
2021/3/16,11.11,4.55,23.4,35.2,54.32,15.58,4.57,20.31,39.83,89.19,117.19,262.38,31.19,2010.5,22.01,85.73,54,32.9,29.49,96.86,302.03,11.83,39.02,46.48,20.91,81.6,31.63,19.04,13.47,24.61,16.22,3.41,85.4,52.04,5.6,43.12,32.6,29.81,5.19,16.76,,4.47,296.57,11.11,11.41,47.62,130.5,151.95,248.06,155.52
2021/3/17,10.92,4.46,23.64,36.33,53.4,15.32,4.5,20.52,39.89,88.62,118,268.86,31.76,2030.36,22.05,89.5,53.07,32.98,30.4,103.05,306.85,11.81,39.59,47.31,20.42,82.66,31.75,18.97,13.55,23.98,16.19,3.4,82.54,49.9,5.53,41.58,31.98,29.9,5.16,16.78,,4.44,308.07,11.09,12.55,47.8,130.3,152.87,258.2,168.88
2021/3/18,11.03,4.44,23.55,37,54.24,15.25,4.49,20.42,40.18,89.21,118.18,273.18,32.6,2069.7,22.27,89,52.95,33.4,30.57,100,322.11,11.83,40.15,48.1,20.43,82.85,32.08,18.92,13.52,23.86,16.19,3.39,81.42,49.78,5.48,40.43,32.15,30.18,5.16,16.84,,4.41,312.7,11.18,12.96,48.95,133.98,157.27,258.61,166.8
2021/3/19,10.65,4.26,23.98,36.03,51.76,14.66,4.37,20.04,39.65,88.05,115.24,263.91,30.83,2010,22.15,85.01,51.56,32.42,29.67,97.79,313,11.71,38.96,48.62,20.47,78.96,31.63,18.7,13.5,23.22,16.11,3.34,79.64,49.03,5.36,38.55,31.08,28.8,5.05,16.65,,4.32,306.56,10.83,12.57,48.7,126.31,152.05,258.43,170
2021/3/22,10.75,4.29,24.15,36.81,53.78,14.68,4.39,20.51,39.91,88.11,110.3,263.1,31.42,1989.99,22.01,87.39,51.98,34.1,29.97,97.33,315.8,11.86,39.25,47.93,21.21,80.05,32.13,18.71,13.55,23.63,16.29,3.39,79.82,49.11,5.42,37.94,31.56,29.39,5.21,16.99,,4.36,311.65,10.66,13.01,50.46,124.3,151.66,255.55,169.52
2021/3/23,10.78,4.26,24.06,35.78,53.48,14.51,4.3,20.35,39.97,87.65,108,263,31.02,1996,21.85,84.39,51.68,33.93,29.6,99.5,314.91,11.9,38.96,47.38,20.97,78.57,32.58,18.13,13.65,23.36,16.37,3.39,80.05,49.14,5.4,38.2,31.94,28.36,5.15,17.18,,4.32,300.02,10.13,12.18,50.67,123.31,148.5,253.56,168.2
2021/3/24,10.68,4.22,24.04,33.99,52.2,14.32,4.23,20.18,37.66,86.52,101.36,263.31,30.12,1989,21.8,82.78,50.73,33.82,29.2,98.21,318,11.92,39.1,44.55,20.78,76.79,32.62,17.78,13.86,22.56,16.38,3.4,79.01,48.11,5.41,37.16,31.77,27.76,5.15,17.14,,4.27,295.04,9.36,10.96,52.36,123.32,146.51,245.7,166.96
2021/3/25,10.63,4.23,23.9,34,51.01,14.34,4.23,19.95,38.68,87.23,103.88,265.42,30.66,1971,21.69,82.76,50.9,34.32,28.9,96.5,318.8,11.09,39.24,45.39,21.06,77,32.23,18.1,13.82,22.71,16.34,3.34,79.2,48.75,5.36,37.5,31.41,28.14,5.17,17.16,,4.28,299,9.56,11.33,51.05,129.86,147.91,254.07,169.74
2021/3/26,10.62,4.24,23.98,35.68,51.6,14.35,4.25,20.1,39.16,91.22,108.23,281.62,32.03,2013,21.74,84.55,51.33,35.2,29.68,99.17,335.56,11.09,40.38,46.76,20.83,80.42,32.24,18.13,14.04,23.23,16.4,3.33,80.01,49.85,5.35,38.51,32.2,30.95,5.14,17.18,,4.29,313.43,9.91,12.28,50.92,136.16,150.45,257.91,170.93
2021/3/29,10.48,4.29,24.26,35.86,50.94,14.36,4.24,19.88,39.12,90.53,111.19,287.98,31.33,2034.1,21.59,82.3,51.68,34.93,30.29,98.4,342.39,11.15,40.4,47.75,21.26,80.2,32.37,19.94,13.65,23.19,16.46,3.38,79.13,49.62,5.46,38.68,32.11,29.14,5.16,17.24,,4.3,315.85,9.93,11.86,50.99,136.66,152.06,262.8,172.35
2021/3/30,11.01,4.32,24.26,37.03,51.56,14.39,4.23,19.79,39.21,93.6,111.25,285.16,33.08,2056.05,21.39,83.32,51.6,36.4,29.99,99.53,342.35,11.09,40.26,50.65,21.44,87.62,32.44,20.39,14.36,23.22,16.38,3.38,79.37,48.88,5.48,38.36,32.06,29.69,5.11,17.28,,4.3,317.88,9.93,12.29,51.07,143.37,157.58,259.17,169.11
2021/3/31,10.99,4.33,23.89,34.15,51.1,14.23,4.27,19.67,39.79,92.09,105.6,286.96,32.74,2009,21.31,84,51.22,35.71,31.18,98,332.8,11.07,40.03,45.59,21.44,88,31.81,20.1,14.37,24.09,16.24,3.4,78.7,48.55,5.54,37.84,31.82,30.13,5.19,16.96,,4.3,306.08,9.62,13.52,49,140.2,159.8,256.72,170.88
2021/4/1,10.89,4.3,24.16,34.9,51.05,14.15,4.28,19.8,40.15,93.85,107.76,294.36,33.11,2044.5,21.37,84.6,51.42,35.48,32.36,99.42,342.88,11.11,40.3,45.14,21.63,89.62,32.15,19.88,14.42,24.07,16.39,3.38,79.2,48.88,5.5,38.35,32.2,32.43,5.22,17.04,,4.28,321.95,9.74,14.08,49.45,144.52,165.42,273.3,175.03
2021/4/2,10.76,4.32,24.13,35.27,50.95,14.2,4.28,19.9,40.71,92.68,111.5,309,33.5,2162,21.43,84.78,51.33,35.21,32.13,104.65,368.29,11.05,40.5,45.79,21.12,88.89,32.19,19.78,14.15,23.38,16.34,3.35,78.88,48.6,5.42,38.05,32.27,34.38,5.2,16.96,,4.28,333.5,10.13,14.1,51.13,146.88,170.4,286.91,182.51
2021/4/6,10.7,4.29,24.15,34.9,50.99,14.2,4.26,20.07,40.45,90.9,107.24,305.21,34.13,2126.03,21.22,86,51.1,36.42,31.85,102.85,368.1,11.09,40.78,46.2,20.95,93.19,32.8,19.5,14.16,23.7,16.46,3.34,79.03,48.71,5.42,37.53,32.24,34.42,5.17,16.96,,4.25,317.2,10.15,14.68,51.3,141.34,167.33,286.1,180.05
2021/4/7,10.65,4.36,24.05,34.94,50.43,14.27,4.26,20.11,40.21,90.68,106.93,328.35,33,2061,21.29,84.35,51.63,35.96,32.2,100.59,346.05,11.1,39.54,45.6,21.13,89.12,32.31,19.52,14.38,23.3,16.49,3.35,78.45,48.02,5.45,35.72,31.77,33,5.2,16.92,,4.27,311.9,10.24,16.15,50.74,141.65,170.23,294.2,182.22
2021/4/8,10.66,4.36,23.99,34.38,50.5,14.15,4.23,20.33,42.05,92.44,109.12,331.99,32.78,2070,21.43,84.2,51.18,35.99,32.37,99.95,365,11.09,40.97,45.45,20.86,87.71,32.15,19.52,14.36,23.28,16.43,3.34,78.63,48.13,5.44,36.33,31.99,32.46,5.14,16.87,,4.26,312.28,10.53,16,51.43,146.2,175.4,297.47,182.2
2021/4/9,10.59,4.39,23.6,33.4,50.25,13.99,4.19,20.03,40.77,91.2,106.9,325.07,32.19,2020,21.35,82.84,50.66,36.28,32.02,97.4,348,11.07,39.8,44.08,20.85,83.77,31.36,19.51,14.06,23.24,16.32,3.36,77.16,47.24,5.42,35.56,31.25,31.62,5.14,16.79,,4.27,301.6,10.29,16.64,50.11,139.59,171.79,293.12,182
2021/4/12,10.73,4.39,23.3,31.21,50.46,14.28,4.17,20.03,41.46,89.53,100.07,308.3,31.08,2008.89,21.02,81.78,50.22,34.66,31.71,96.55,350.7,10.94,39.31,41.78,21.19,81.49,29.65,19.6,14.06,22.82,16.17,3.4,77.16,46.65,5.48,34.85,31.15,30.39,5.21,16.64,,4.28,295.39,9.68,15.26,47.96,132.72,168.85,289.74,183.9
2021/4/13,10.76,4.33,23.37,31.32,50.32,14.33,4.14,19.84,41.29,88.98,104.43,311.24,30.96,2021,19.83,81.08,50.01,35.18,31.28,96.75,346,10.82,39.8,41.5,21.02,81.6,29.87,19.32,14.49,22.58,16.06,3.39,76.56,46.72,5.51,34.58,30.67,30.58,5.18,16.61,,4.25,265.85,9.7,14.51,48.11,134.5,170.6,287.7,180.3
2021/4/14,10.59,4.35,23.58,31.53,49.7,14.34,4.15,19.95,40.91,85.52,105.31,314.5,31.9,2047,19.99,82.2,50.34,36.15,31.8,96.88,353.02,10.93,39.68,42.37,20.76,82.13,30.38,19.53,14.5,21.69,16.11,3.35,77.15,46.6,5.45,34.75,30.65,31.76,5.2,16.77,,4.25,288.2,9.93,14.52,48.48,135.5,169.63,282.85,182.71
2021/4/15,10.43,4.37,23.38,31.64,49.44,14.33,4.14,19.78,40.61,82.18,104.52,311.8,32.28,2015.6,19.86,82.68,49.95,36.4,31.49,96.05,351.99,10.79,38.81,42.06,20.32,86.78,30.09,19.77,14.38,20.85,15.93,3.35,75.81,45.51,5.45,34.06,29.95,31.02,5.19,16.7,,4.27,283.06,10.21,14.29,47.77,134.5,169.25,275.74,181.1
2021/4/16,10.54,4.45,23.67,31.84,49.74,14.49,4.2,20.48,42.93,80.62,103.55,309,31.67,2054.98,20.17,82.3,50.39,35.96,31.47,96.33,351,10.88,39.02,41.85,20.47,85.35,29.99,19.82,14.4,20.89,16.01,3.35,75.7,46.82,5.43,34.74,30.63,32.78,5.22,16.79,,4.31,285.85,10.23,15.02,48.07,134.65,167,279.79,174
2021/4/19,10.58,4.42,24.02,32.9,51.77,14.57,4.23,21.35,45.45,82.09,107.94,328.99,33.48,2088,20.36,86.48,50.78,36.72,31.99,98.54,354.52,11.1,40.1,43.05,20.51,89.61,30.7,19.85,14.71,21.03,16.25,3.35,76.18,47.41,5.44,34.76,31.02,36.02,5.25,17.06,,4.29,294.5,10.65,15.05,50.01,136,169.24,293.25,170.6
2021/4/20,10.5,4.4,23.77,32.33,51.99,14.12,4.21,20.56,44.48,80.31,112.02,329.35,34.01,2094.8,20.21,87.7,50.5,36.4,32.63,96.77,359.15,10.98,40,43.26,20.61,92.4,31.11,19.89,14.38,21.33,16.14,3.33,76,47,5.39,34.23,30.59,35.19,5.24,16.94,,4.27,292.99,10.74,14.77,51.3,140,167.96,292.01,171.8
2021/4/21,10.58,4.28,23.6,31.9,52.89,14.16,4.17,20.08,45.99,83.18,111.82,337,33.95,2080,20.24,86.52,50.2,35.99,32.9,95.78,382.24,10.9,39.67,42.68,20.6,92.44,30.81,19.69,14.42,22,16.08,3.33,75.62,47.3,5.37,33.81,30.78,35.54,5.17,16.83,,4.23,298.66,10.55,14.86,52.28,141.45,167.85,291.8,170.36
2021/4/22,10.43,4.26,23.48,31.67,52.61,14.21,4.23,20.1,46.26,82.2,109.6,333.66,34.19,2055.5,20.19,88.46,50.12,35.61,32.39,96.9,388,10.91,39.98,42.98,20.4,90.61,30.8,19.93,14.18,21.61,16.05,3.3,74.37,47.26,5.33,33.8,31.33,34,5.14,16.8,,4.17,296,10.6,15.64,51.79,140.59,163.6,295.2,170.7
2021/4/23,10.43,4.23,23.4,32.93,53.3,14.12,4.19,19.94,48.29,83,111.12,344.81,35.4,2108.94,20.1,88.3,50.05,35.73,32.47,96.56,390.49,10.84,40.51,42.56,20.38,91.99,29.98,19.55,14.18,21.87,15.98,3.26,74.26,47.15,5.29,33.59,32.11,33.72,5.09,16.71,,4.17,299.29,10.78,15.51,52.54,150.12,170.8,298.5,175.07
2021/4/26,10.3,4.21,23.05,31.85,52.07,14,4.2,19.83,49.48,81.52,108.75,328.05,34.49,2077.82,20.01,86.82,49.57,33.83,32.47,94.94,391.48,10.74,39.62,42.93,20.16,91.48,28.8,19.24,14.35,21.55,15.71,3.24,72.89,45.78,5.27,32.62,31.03,33.24,5.02,16.41,,4.17,298.44,11.15,16.12,49.64,147.18,162.01,291.26,184.05
2021/4/27,10.27,4.2,22.75,31.36,52.07,14.12,4.22,19.59,48.68,83.05,107.41,333.72,34.2,2094.44,19.66,90.29,48.88,34.86,32.5,85.45,406.28,10.69,39.73,41.26,20.12,91.88,29.07,19.1,14.42,21.74,15.58,3.23,73.27,46.36,5.24,33.3,32.32,33.27,4.98,15.96,,4.14,306.98,11.29,17.37,49.13,152.11,163.33,293.78,185.99
2021/4/28,10.25,4.24,22.88,31.52,51.76,14.13,4.26,19.43,53.55,82.86,108.48,344.58,34.39,2042,19.33,93.35,49.46,34.94,33.1,87.94,429.05,10.64,39.25,42.19,20.12,94.53,28.74,19.5,14.55,21.5,15.64,3.22,72.81,47.37,5.2,33.54,32.86,34.16,4.97,15.52,,4.17,310,11.09,17.25,49.23,156.33,161.5,298.96,195.77
2021/4/29,10.54,4.28,23.79,31.71,53.28,14.18,4.26,19.75,54.76,82.35,105.49,343.91,34.07,2026.36,19.72,94.57,49.74,33.85,32.98,86.54,416,11.07,42.08,41.95,20.13,94.1,29.04,19.63,14.7,22.21,17.03,3.23,73.82,48.35,5.22,33.78,33.62,34.17,5,16.03,,4.2,310.32,11.36,18.37,51.62,160,166,304.92,193.8
2021/4/30,10.05,4.28,23.85,30.88,52.7,14,4.25,20.06,60.24,84.1,102.74,339.31,35.23,2006.78,19.36,91.89,49.03,33.2,33.13,85.3,410.25,11.07,40.95,37.89,19.97,99.4,28.61,19.21,13.76,21.74,16.56,3.2,72.5,48.61,5.13,32.89,33.07,33.43,4.94,15.92,,4.25,311.99,11.03,18.28,49.93,158.75,169.5,302.51,193.23
2021/5/6,10.1,4.37,24,30.18,53.67,13.96,4.28,20.27,54.22,82.12,104.88,331,36.57,1959,19.64,90.03,49.38,32.7,32.95,82.95,406.36,11.1,39.65,39.37,19.89,100,27.79,19.79,13.67,22.26,16.65,3.21,70.53,48.18,5.12,32.97,32.73,33.03,4.97,15.85,,4.38,295.7,11.54,19.59,44.94,149.09,164.99,293.15,187.38
2021/5/7,10.03,4.4,23.44,30.31,54.18,13.91,4.31,19.94,54.65,79.99,106.62,330.61,36,1903,20.82,87,50.24,32.3,31,82,401.22,11.08,38.61,38.51,19.76,96.73,26.57,20.02,13.45,22.65,16.58,3.25,70.1,47.76,5.22,32.27,32.61,31.24,4.99,15.84,,4.44,288,11.92,19.95,42.64,143.09,159.09,264.26,177.95
2021/5/10,9.95,4.5,23.77,29.69,53.9,13.74,4.35,20.28,60.12,80.33,103.66,335.4,38.58,1879.03,22.24,85.5,50.11,32.52,30.79,80.4,396,10.99,37.53,37.8,19.67,97.6,26.55,20.97,13.52,22,16.49,3.24,70.03,48.29,5.25,32.7,32.24,31.7,5,15.79,,4.58,298.89,12.35,20.44,41.92,146.4,159.6,266.72,169.46
2021/5/11,10.05,4.45,23.87,29,53.84,13.8,4.32,20.1,63.14,83.71,104.12,340.09,38.41,1959,21.7,85.03,49.43,32.6,30.3,81.21,407.79,11.17,38.39,39.43,19.89,96.2,27.19,20.53,13.49,22.35,16.64,3.26,70.28,48.7,5.23,32.46,32.99,30.84,5.02,15.93,,4.56,299,11.58,18.62,42.54,149.98,168.05,270.95,166.05
2021/5/12,10.12,4.5,23.94,28.74,53.69,13.48,4.31,20.64,63.21,83.18,105.83,345,38.71,1984,21.27,85.3,49.3,32.34,29.76,83.02,424.5,11.14,38.36,39.66,19.77,96.58,27.2,20.89,13.52,22.54,16.62,3.27,69.93,47.94,5.26,32.42,32.84,31.83,5.03,15.93,,4.69,303,11.75,19.07,42.19,153.18,168.68,266.82,170.01
2021/5/13,10.09,4.43,23.63,27.65,53.2,13.44,4.29,20.13,66.51,81.73,99.75,348.19,37.59,1971.5,20.69,84.1,49,31.24,28.5,82.32,425.06,11.11,38.77,39.15,19.76,94.5,27.2,20.19,13.38,22.58,16.57,3.27,69.14,47.5,5.24,32.16,32.52,30.72,5,15.84,,4.69,295,11.08,19.01,41.99,154,170.6,264.8,167.4
2021/5/14,10.19,4.39,25.44,29.08,54.98,13.63,4.34,20.37,70.3,83.83,103.4,373.58,37.4,2009.85,20.81,87.29,49.83,31.85,28.8,83.8,434.66,11.63,39.27,41.9,19.65,95.8,29.92,19.96,13.48,22.97,17.52,3.29,71.18,50.91,5.28,33.92,35.45,30.74,5.02,16.59,,4.65,309.58,11.06,19.08,46.19,153.2,173.57,272,171.89
2021/5/17,10.21,4.42,24.89,29.87,55.65,13.67,4.33,20.58,69.71,85.38,108.97,377.58,39.63,2057.96,21.19,88.71,50.32,34.63,29.43,86.5,443.27,11.32,39.66,41.47,19.76,99.35,30.25,20.2,13.3,22.81,16.95,3.27,70.37,49.95,5.27,33.81,34.57,33.11,5,16.28,,4.66,319.39,11.45,20.99,48.58,161.43,136.45,274.84,174.1
2021/5/18,10.22,4.53,24.77,29.62,55.95,13.73,4.4,20.4,63.9,85.73,108.44,377.49,39.48,2059.31,21.47,89,49.89,34.05,29.85,85.11,445,11.36,39.18,43.84,19.79,99.67,30.19,20.47,13.35,22.57,16.94,3.25,70.9,51.67,5.26,34.2,34.96,32.49,4.99,16.31,,4.87,318.05,11.73,22.03,48.16,161.08,134.67,271.18,172.96
2021/5/19,10.12,4.43,24.78,29.68,54.8,13.49,4.4,20.67,65,85.05,108.4,372.47,40.79,2049,21.53,89.8,49.51,34.45,29,86.4,438.67,11.23,38.8,43.6,19.61,100.66,30.49,20.3,13.21,21.56,16.81,3.24,69.97,50.98,5.21,33.76,34.43,34.46,4.94,16.16,,4.8,326.52,11.42,21.87,48.81,158.6,132.96,277.18,175.2
2021/5/20,10.16,4.34,25.06,29.71,55.47,13.49,4.38,20.44,63.15,83.71,105.08,375.26,39.69,2058.88,21.29,92.07,49.38,35.4,29.71,86.21,452.7,11.29,39.92,43.18,19.43,98.68,30.7,19.61,13.22,21.61,16.9,3.25,70.72,51.09,5.23,34.45,35.21,34.37,4.95,16.27,,4.66,325.01,10.93,20.26,51.06,159.6,133,285,173.96
2021/5/21,10.09,4.36,24.61,28.89,54.11,13.26,4.37,20.19,63.5,82.17,103.5,369.7,39.3,2042.1,21.01,89.01,49.12,33.8,30.11,83.9,448,11.23,39,42.09,19.6,98.57,30.1,19.65,13.11,21.41,16.82,3.24,70.05,49.96,5.17,33.63,34.41,34.14,4.92,16.14,,4.69,318,10.82,22.29,51.16,163.41,131.59,284.07,121.8
2021/5/24,10.09,4.39,25.23,29.7,54.08,13.08,4.36,19.98,62.64,83.36,104.07,368.14,40.35,2071.29,21.12,91.85,49.01,35.26,30.08,83.57,447.22,11.38,39.11,42.35,19.38,96.26,30.87,19.58,12.55,21.65,17.19,3.24,69.94,50.22,5.19,33.73,34.83,33.95,4.86,16.33,,4.62,320.29,10.62,21.37,54.28,164.1,132.3,275.37,119.72
2021/5/25,10.32,4.43,26.23,29.8,57.55,13.47,4.4,20.23,64.3,86.25,109.19,381.5,39.98,2194.5,21.11,98.5,49.67,36.89,30.07,87.8,458.65,11.68,41.01,46.59,19.81,98,33.96,19.76,12.64,23.14,17.55,3.27,72.46,52.1,5.26,35.45,36.26,35.3,4.97,16.81,,4.72,339.28,10.93,21.2,59.71,169,138.75,295.15,130.35
2021/5/26,10.35,4.47,25.88,30.3,58.5,13.72,4.38,20.32,69.45,86.29,111.94,381.78,38.86,2220,21.85,97.17,49.68,36.6,31.17,86.14,449,11.64,41.05,48.7,19.42,95.96,34.45,19.83,12.56,23.48,17.4,3.28,72.38,51.79,5.26,35.45,36.59,37.03,4.97,16.78,,4.68,339.99,11.06,20.68,59.77,167.63,137.1,290.99,129.6
2021/5/27,10.29,4.47,25.92,31.03,57.95,13.76,4.39,20.3,67.49,86.31,111,384.96,38.44,2245,21.5,95.08,49.53,36.44,31.18,89,443.5,11.6,40.7,48.84,19.44,95.12,34.42,19.98,12.62,23.02,17.29,3.27,72.9,51.44,5.26,35.12,36.45,36.35,4.96,16.83,,4.64,344.54,11.14,20.96,60,169.2,138.01,293,133.88
2021/5/28,10.35,4.47,26.18,30.5,58.5,13.58,4.34,20.38,68.75,85.85,109.3,377.3,38.37,2230,21.17,93.7,49.05,36.2,30.68,87.83,452.4,11.75,40.56,50.79,19.67,97.25,34.27,19.93,12.35,23.27,17.6,3.28,72.97,51.78,5.27,35.05,36.7,36.75,4.9,17.12,,4.67,344.29,11.19,21.67,59.5,164.22,135.83,286.48,133.5
2021/5/31,10.27,4.42,26.11,30.29,58.19,13.52,4.35,20.28,69.4,86.3,108.78,383.9,40.13,2218,21.37,93.88,49.03,36.25,30.17,87.55,462.87,11.7,40.49,53.99,19.86,102.1,34.01,19.98,12.42,23.11,17.9,3.26,71.8,50.96,5.21,34.4,36.4,36.99,4.89,17.17,,4.62,334.5,11.23,21.37,62,167.2,137.26,300.99,135.27
2021/6/1,10.19,4.47,25.77,31.62,57.36,13.36,4.34,20.34,68.13,87.47,116.85,389.79,39.54,2240.95,21.52,91.8,48.75,35.34,29.95,87.6,459.98,11.71,40.26,53.06,19.93,101.1,33.32,20.07,12.43,22.6,17.54,3.25,71.13,50.51,5.18,33.29,35.24,37.66,4.91,16.87,,4.71,334.12,11.44,22.35,59.93,175.8,138.96,301,136.08
2021/6/2,10.22,4.49,25.2,31.12,57.58,13.46,4.33,20.4,67.42,84.36,116.29,383.86,38.41,2222,20.87,89.18,48.35,33.7,30.3,85.49,454.5,11.54,39.46,52.1,19.82,101.29,32.65,20.16,12.22,22.36,17.35,3.29,70.87,49.48,5.19,33.52,35.41,38.2,4.9,16.6,,4.71,325.3,11.18,21.24,56.92,175.93,138.02,298,138.33
2021/6/3,10.23,4.52,25.18,30.85,56.28,13.39,4.34,20.23,65,82.58,112.98,401.77,35.98,2222.22,20.8,87.76,48.41,33.03,29.61,85.68,471.81,11.59,39.5,50.3,19.9,96.7,32.77,20.45,12.26,22.1,17.29,3.29,70.68,49.18,5.15,33.29,35.05,37.61,4.88,16.52,,4.75,325.84,11,20.31,58.41,174.35,136.8,286.49,138
2021/6/4,10.23,4.49,25.54,30.35,57.53,13.42,4.31,20.13,64.49,82.65,113.9,402.6,35.68,2251.5,20.47,87.88,48.28,33.31,29.54,86.97,479.2,11.65,39.58,51.13,19.87,95.63,32.84,20.28,12.22,22.39,17.4,3.32,70.85,49.73,5.17,33.89,35.78,38.6,4.89,16.61,,4.69,319.56,10.84,20.44,59.61,178.29,137.42,286.3,142.62
2021/6/7,10.23,4.53,26.06,30.16,57,13.1,4.27,20.06,64.7,82.44,113.71,418.38,35,2271,20.4,88.68,48.55,34.41,29.12,87.56,498.89,11.69,37.69,52,19.74,93.8,33.1,20.3,12.49,22.28,17.49,3.32,70.28,49.44,5.17,33.97,35.4,38.19,4.87,16.63,,4.75,317,11.17,21.59,60.6,175.84,136.13,285.99,143.89
2021/6/8,10.31,4.5,25.92,30.45,56.7,13.1,4.28,20.12,65.9,82.98,111.06,377,34.73,2191,20.24,89.21,48.93,33.83,28.74,88.9,462.36,11.69,37.86,55.1,19.82,95.42,32.91,20.21,12.51,22.16,17.48,3.35,70.41,49.31,5.2,34.3,35.56,39.73,4.86,16.64,,4.72,317.38,11.06,21.78,59.53,145,135,279,140.19
2021/6/9,10.21,4.6,25.73,30.12,56.47,13.15,4.34,20.02,63.09,84.15,114.8,391.13,34.5,2199.5,20.21,89,48.8,33.95,28.53,89.69,466,11.75,39.82,55.76,20.32,97.12,32.32,20.54,12.54,21.96,17.33,3.35,70.3,49.67,5.19,34.27,35.56,40.1,4.89,16.31,,4.89,312.8,11.08,22.75,59.3,145.87,135.8,281.78,140.69
2021/6/10,10.23,4.58,25.66,29.32,56.35,13.05,4.39,19.95,65.6,73,114.16,406.88,35.6,2238.48,20.01,88.96,48.43,35.3,28.25,93.02,487.31,11.9,39.41,55.99,20.32,103.65,32.14,20.43,12.56,22.03,17.32,3.32,70.01,48.9,5.2,33.2,34.64,42.46,4.86,16.19,,4.91,313.46,11.07,25.03,60.25,149.8,136.16,285.17,141.6
2021/6/11,10.17,4.66,24.94,28.29,56.33,13.07,4.55,19.91,67.88,72.96,114.8,404.39,36.25,2178.81,20.32,87.8,48.09,35.62,27.84,92.7,470.25,11.92,38.26,51.92,20.69,109.5,30.91,20.58,12.5,21.56,16.8,3.32,69.4,47.87,5.19,32.51,33.3,44.3,4.92,16.03,,5.19,311,11,25.88,61,146.02,134.68,289.47,141
2021/6/15,10.03,4.68,24.58,28.1,54.8,12.68,4.48,21.1,63.36,71.88,114.72,399.36,35.75,2193,19.77,90.6,47.17,34.17,26.87,95.37,486,11.7,37.74,51.63,20.43,106.01,30.68,20.3,12.55,20.92,16.8,3.28,67.07,47.32,5.16,31.62,33.27,44.05,4.86,15.75,,5.23,297.68,10.47,26.1,60.83,143.96,131.45,301,137.87
2021/6/16,10.05,4.7,24.65,26.92,55.6,12.89,4.51,20.48,61.15,70.81,110.01,399.6,33.56,2158,19.72,88.55,47.08,32.98,27.1,92.29,480.98,11.71,38.5,50.43,20.4,100.63,30.11,20.47,12.32,20.89,16.82,3.27,67,47.27,5.17,31.75,33.7,39.65,4.88,15.78,,5.31,289.7,9.94,24.75,59.18,136,133.9,279.9,135.27
2021/6/17,10.04,4.49,24.54,27.08,55.12,12.89,4.52,20.27,62.25,71.15,107.81,407.25,34.48,2156.91,19.48,88.5,43.89,33.3,26.55,98.92,497.21,11.58,38.2,50.81,20.4,102.62,29.54,20.32,12.45,20.8,16.78,3.08,66.25,46.71,5.18,30.75,33.57,40.2,4.83,15.71,,5.23,286,9.87,27.13,60.34,136,131.57,296.35,148.8
2021/6/18,10.1,4.37,24.65,27.37,54.69,12.77,4.53,21.7,62.7,71.44,104.2,404.99,34.8,2090.94,19.39,85.6,42.79,32.5,26.31,100.96,489.06,11.54,37.72,53.99,20.08,106.53,30.89,19.84,12.49,20.16,16.82,3.05,65.1,46.72,5.18,30.48,33.42,42.98,4.83,15.84,,5.15,287.48,9.77,27.57,62.9,140,129.5,273.15,158
2021/6/21,10.04,4.29,24.5,27.04,53.69,12.52,4.44,21.26,63,69.51,105,404.23,35.53,2081.64,19.56,87.16,40.92,33.28,25.51,98.33,471.3,11.62,37.28,56.32,19.94,109.05,31.58,19.46,12.38,19.89,16.88,3.03,64.16,45.96,5.15,29.96,33.78,44.23,4.81,15.85,,5.11,281.98,9.76,27.15,62.08,146,129.74,265.96,158.88
2021/6/22,10,4.43,24.66,28.24,55.46,12.3,4.42,22.1,67.23,70.48,106.73,430.21,35.5,2074.97,19.45,88.98,41.39,32.82,25.87,95.8,474,11.53,37.02,55.02,20.15,109.7,31.19,19.42,12.31,20.02,16.83,3.04,64.73,46.8,5.16,30.45,33.96,44.03,4.79,15.84,,5.38,286.49,9.78,27.99,61.61,151.86,130.92,270.92,165.26
2021/6/23,9.99,4.44,24.76,28.1,54.82,12.42,4.42,22.05,68.41,71.15,104.89,428.35,35.9,2038,19.36,87.43,41.88,33.48,26.52,95.7,434.04,11.59,37.2,54.47,20.27,79.78,31.46,19.87,12.56,20.22,16.92,3.04,65.82,46.84,5.14,30.66,33.74,45.29,4.81,15.78,,5.38,296.9,9.78,27,59.93,153.25,130.17,292.99,173.15
2021/6/24,10.02,4.42,25,28.21,55,12.4,4.42,21.99,68.21,68,104.99,428.5,39.45,2068.05,19.36,86.12,41.49,32.74,26.19,92.7,443.6,11.64,37.14,52.4,20.4,84.15,32.17,19.97,12.67,20.44,16.97,3.06,65.96,46.33,5.2,30.72,34,44.85,4.87,15.81,,5.39,294.18,9.73,26.69,59.41,151.6,130.01,288.97,172.94
2021/6/25,10.08,4.42,25.51,29.11,56.4,12.47,4.46,22.57,67.01,68.06,109.5,446.9,39.1,2092,19.55,87.07,42.08,32.75,26.56,93.85,446.71,11.83,37.41,52.62,20.64,86.16,32.51,20.32,12.61,20.72,17.26,3.07,66.68,47.13,5.23,31.05,34.89,43.88,4.92,16.05,,5.41,296.7,10.15,28.95,62.99,156.6,132.5,296.6,171
2021/6/28,10.01,4.38,25.13,28.79,54.7,12.13,4.5,22.41,73.71,68.6,108.27,451.45,41.41,2103.01,19.53,87.23,42.13,32.35,26.48,93.21,446.12,11.64,37.3,53.55,20.97,85.7,31.55,19.65,12.58,20.23,17.2,3.05,65.6,46.55,5.18,30.28,34.49,44.32,4.91,15.9,,5.35,307.83,9.97,29.53,61.53,157.51,132.48,296,178.58
2021/6/29,9.98,4.35,24.8,27.87,53.8,12,4.43,21.75,72.08,68.2,107.77,449.51,43.25,2062,19.23,92.63,41.13,32.52,25.86,90.47,448.7,11.49,37.3,52.36,20.5,88.8,30.85,19.45,12.41,19.68,17.11,3.03,64.38,45.53,5.17,30.07,33.86,43.82,4.89,15.75,,5.24,301.75,9.65,29.1,60.83,157.97,129.33,301.74,174.75
2021/6/30,10,4.36,24.94,29.07,54.19,12.04,4.32,21.97,72.13,67.97,108.82,448.3,43.27,2056.7,19.22,93.25,41.05,33.26,25.91,96.9,448,11.5,36.83,53.19,20.64,88.84,31.43,19.52,12.41,20.55,17.14,3.03,64.28,45.91,5.17,28.97,33.89,43.59,4.65,15.8,,5.29,300.1,9.69,30.54,61.5,156.59,128.95,322,187.9
2021/7/1,10.03,4.33,24.67,28.39,56,12.54,4.32,21.56,74,69.69,106.99,456.58,43.2,2105,19.4,92.73,41.64,32.67,26.93,95.95,462,11.7,37,49.8,20.89,85.12,30.13,19.42,12.3,21.31,17.01,3.04,64.76,46.08,5.26,29.34,33.3,42.37,4.67,15.88,,5.24,300,9.79,30.17,57.93,168,132,326,184.68
2021/7/2,9.93,4.31,23.65,27.04,53.05,12.09,4.28,21.04,72,66.91,103.95,441,41.97,2013,19.19,90.82,40.33,31.55,25.7,92.21,433.88,11.42,36.45,46.36,20.3,82.66,29.5,19.28,11.97,20.79,16.64,3.03,62.3,44.55,5.25,28.19,31.99,41.88,4.63,15.55,,5.23,281.09,9.84,30.66,54.33,155.05,126.24,314.49,178.29
2021/7/5,9.92,4.3,23.53,26.12,52.94,11.88,4.27,21.08,72.49,62.95,112.66,456.62,42.6,1994,19.26,85.9,40.18,31.46,25.07,100.95,328.76,11.33,35.21,45.61,20.13,84.06,29.24,19.96,12.19,21.04,16.67,3.04,61.91,45.81,5.2,28.32,32.67,44.8,4.6,15.48,,5.19,279.89,10.03,30.4,54.85,153.88,121.15,329.18,191.28
2021/7/6,9.99,4.32,23.68,26.24,53.54,12.31,4.29,21.05,65.5,62.06,118.9,446,40.58,2012.9,19.58,85.22,40.64,31.26,25.24,99.4,321,11.45,35.04,45.98,20.27,82.77,29.44,19.92,12.23,21.47,16.76,3.05,62.9,46.68,4.95,29.13,33.63,46.06,4.66,15.51,,5.25,281.5,10.04,30.94,55.18,146.03,117.59,321.52,178.8
2021/7/7,10.03,4.27,23.64,26.2,53.43,12.17,4.27,21.46,64.9,62.45,118.9,445.9,42.3,2004,19.47,84.38,40.5,31.49,25.45,101.01,327.99,11.49,35.09,48.24,20.31,89.88,29.65,19.9,12.15,21.34,16.71,3.03,62.37,46.01,4.94,28.89,33.35,46.35,4.66,15.51,,5.12,275,9.99,32.6,56.74,156.61,116.96,329.88,182.9
2021/7/8,9.94,4.2,23.6,25.32,50.35,12.12,4.19,21.29,62.8,61.37,119.9,444.97,41.03,1985,19.14,84.27,39.53,30.3,25.12,101.9,339,11.4,34.21,51.03,20.31,90.7,29.48,19.73,12.03,20.7,16.57,3.02,60.78,44.68,4.89,28.13,32.55,45.39,4.6,15.44,,4.99,269.39,9.73,31.03,56.77,152,117.34,335,191.19
2021/7/9,9.91,4.2,23.51,25.7,49.9,12.18,4.19,21.93,63.6,62.1,124.65,432.05,41.47,1972.11,19.33,84.08,39.22,30.81,25.66,99.79,316.7,11.43,34.31,50.53,20.31,91.93,29.24,19.98,11.95,20.31,16.65,3.03,60.09,44.66,4.85,27.9,32.16,49.13,4.6,15.44,,4.99,265.16,10.14,28.8,57.88,150.78,113.9,329.15,189
2021/7/12,9.91,4.17,23.89,25.67,50.4,12.02,4.18,21.8,65.2,63.12,127.42,423.75,40.76,1961,19.13,85.48,39.2,32.4,25.8,99.96,311,11.74,34.65,51.5,19.96,91.37,29.75,17.62,12,20.51,16.86,3.02,59.4,44.35,4.77,27.45,31.77,48.9,4.58,15.57,,4.93,285.7,10.38,29.71,58.14,160.7,116.87,341.56,192
2021/7/13,9.96,4.21,23.72,26.18,49.97,12.04,4.2,21.68,64.53,61.94,126.35,421.67,42.57,1982.9,18.71,86.6,39.21,33.22,27.58,100.18,341.2,11.77,35.18,51.18,20.19,89.36,29.3,17.78,12.04,20.41,16.83,3.02,59.7,44.65,4.75,27.91,32.02,48,4.69,15.56,,4.95,288.79,10.15,30.88,57.9,157.8,122.98,328,178.69
2021/7/14,9.83,4.18,23.32,25.34,48.95,11.79,4.18,20.8,64.83,60.11,125.4,424,40.22,1962,18.34,86.68,38.3,32.8,27.27,97.58,355.53,11.54,35.34,48.73,20.21,87.5,28.84,17.91,11.64,19.82,16.61,2.99,57.91,43.6,4.71,26.84,31.2,45.05,4.67,15.39,,4.88,282.3,9.82,23.16,56.8,161.21,124.82,323.1,174.9
2021/7/15,9.94,4.17,23.67,25.56,51.05,11.8,4.19,20.52,69.07,60.27,129.45,442,40.43,1997.99,17.31,86.5,39.13,32.49,27.25,96.2,374.15,11.81,35.8,49.17,20.28,93.13,28.91,17.91,11.75,20.8,16.81,3,59.98,45.35,4.75,28.37,31.2,43.76,4.7,15.45,,4.86,284.93,10.03,21.7,57.05,165,128.49,320.38,173.83
2021/7/16,9.98,4.15,23.83,25.04,51,11.79,4.19,20.79,73.74,60.1,124.89,434.36,38.7,1955.9,17.36,63.08,38.65,31.99,26.76,93.29,370.11,11.8,35.1,54.09,19.29,89,28.91,18.08,11.49,20.45,17.02,2.99,59.7,44.48,4.74,28.04,30.97,44.68,4.67,15.49,,4.82,275,10,21.55,58.48,165.1,123.11,311.5,167.55
2021/7/19,10.01,4.07,23.8,25.34,50.83,11.44,4.32,20.65,74.75,60.96,124.55,468.86,39.49,1975,17.21,61.53,38.06,33.31,27.25,93.8,373.8,11.95,35.06,54.75,19.4,88.12,28.39,18.2,11.56,20.41,17.13,3,59.35,44.74,4.73,28.15,31.21,45.3,4.67,15.44,,4.74,290.22,9.97,22.25,56.98,167.85,122.58,315.6,171.18
2021/7/20,9.99,4.08,23.61,26.03,49.91,11.41,4.25,20.41,75.22,63.18,120.42,467.02,39.69,1980,17.42,61.53,38.31,32.2,26.93,94.25,371.5,11.85,34.9,55.93,19.29,89.55,28.19,17.9,11.72,20.03,17.05,3,58.46,44.48,4.71,27.61,31,45.52,4.65,15.4,,4.7,293.45,9.72,21.59,56.33,165.45,123.86,317.67,172.8
2021/7/21,9.55,4.03,23.82,25.81,49.7,11.21,4.23,20.48,82,62.98,121.78,489.76,43.66,1969,17.33,62.79,38.62,35.42,27.58,94.29,367.9,11.9,34.95,58.2,19.01,93.23,28.8,17.63,11.77,19.73,17.16,2.99,58.08,44.15,4.69,27.87,30.94,50.07,4.6,15.44,,4.68,284.69,9.82,21.09,58.05,166.8,119.16,322.02,184.04
2021/7/22,9.64,4.08,24.13,27.65,50.25,11.29,4.26,20.38,77.8,61.28,122.6,440.78,44.39,1940.01,17.48,62.52,39.36,36.6,26.93,91.31,359.68,12.06,35.06,58.42,18.84,92.98,29.83,17.74,11.71,19.91,17.28,3,58.54,44.7,4.71,29.01,31.42,51.03,4.63,15.6,,4.74,281.96,10.03,21.5,60.36,161.94,119.6,308.95,189.69
2021/7/23,9.58,4.06,24.24,27.37,50.05,11.15,4.24,20.7,77.8,61.49,118.9,416.6,43.54,1900,17.59,60.46,38.79,36.68,26.24,88.44,354.77,12.13,34.1,60.7,18.79,92.29,29.71,17.77,11.76,19.79,17.35,2.99,57.64,44.19,4.7,29.14,31.2,54.95,4.68,15.64,,4.71,277.68,10.13,19.59,61.69,154,118.39,302.12,196.01
2021/7/26,9.34,4.04,23.5,26.5,47.7,10.41,4.14,19.92,71,59.22,117.18,391.37,43.02,1804.11,17.36,58.68,37.08,35.26,25.97,87.38,320,11.62,33.08,58.9,18.84,88.45,28,17.27,11.62,18.7,16.84,2.98,54.5,41.92,4.67,27.49,29.45,54.43,4.58,15.37,,4.63,262.98,10.18,19.24,56.93,148.74,116.04,290.41,200.56
2021/7/27,9.15,4.02,22.91,25.1,46.17,10,4.13,19.83,68.8,54.5,111.94,360.98,42.05,1712.89,17.48,53.2,35.52,36.29,24.45,94.42,321.36,11.26,31.46,57.18,18.33,83.69,26.92,17.03,11.28,17.98,16.52,2.96,52.67,40.9,4.62,26.5,28.5,52.16,4.52,14.69,,4.7,254,10.64,17.55,54.31,144.6,113.1,302.97,205.62
2021/7/28,9.21,3.98,22.87,24.94,47.47,10.04,4.17,19.04,70.35,55.91,108.85,378.02,41.34,1768.9,16.98,52.49,35.61,36.43,24.45,92.25,321.85,11.29,32.24,52.6,18.76,85.47,26.91,16.88,11,18.33,16.38,2.97,53.11,40.78,4.67,26.43,28.56,51.01,4.49,14.58,,4.65,250.84,10.02,18.18,52.09,152.8,112.7,304.89,201.89
2021/7/29,9.12,3.98,23.02,25.58,47.95,10.02,4.12,19.09,74.75,55.11,114.52,381.79,43.8,1749.79,17.28,53.67,35.3,36.54,23.7,101.48,315,11.04,32.75,55.09,18.59,89.7,27.08,16.88,10.99,17.94,16.39,2.95,53.25,40.45,4.62,25.85,28.06,56.11,4.43,14.65,,4.64,258.01,10.24,18.17,53.71,155.98,114.48,314.18,214.91
2021/7/30,9.03,3.99,22.59,24.82,46.5,10.01,4.12,18.34,81.88,54.38,113.72,366,43.22,1678.99,17.56,55.71,35.4,35.8,24.98,109.32,286,11.04,33.39,54.85,19,85.92,26.39,17,11.22,17.67,16.23,2.93,53.67,40.47,4.59,26.02,28,60.71,4.46,14.44,,4.68,241,10.25,17.66,51.73,150,114.64,302.09,230.05
2021/8/2,9.13,4,23.27,27.3,47.71,10.19,4.17,18.91,82.39,55.25,119.99,372.8,45.86,1755,17.48,55.13,38.86,39.38,25.9,112.1,311.03,11.35,34.3,58.95,18.9,86.62,27.23,17.24,11.81,17.9,16.59,2.94,54.01,40.86,4.6,26.9,28.27,63.71,4.53,14.91,,4.67,239.35,10.81,18.91,54.74,152.8,117.79,298.48,220
2021/8/3,9.12,3.98,23.33,28.76,47.59,10.09,4.23,18.75,86.71,57.4,120.6,378.07,45.75,1749.3,17.28,55.15,39.18,41.21,27.05,106.37,313.68,11.36,35.49,57.59,18.88,85.17,26.88,17.26,11.83,17.64,16.62,2.92,54.24,40.51,4.58,26.95,28.53,59.12,4.6,14.94,,4.58,253.87,10.41,20.2,55.17,158.88,119.08,295,198
2021/8/4,9.07,4,23.26,30.25,47,9.99,4.2,18.97,87.4,56.33,119.17,374.5,50.33,1724,17.3,55.3,39.4,41.39,26.8,109.51,309,11.3,34.77,60.53,19.06,91.98,26.79,17.35,11.91,17.4,16.53,2.92,53.6,40.3,4.55,26.53,28.16,61.3,4.55,14.93,,4.61,255,10.53,19.99,54.88,158.88,116.03,310,201.35
2021/8/5,9.05,3.99,22.87,30.08,46.75,10.48,4.19,19.05,87.27,55.8,115.75,380.98,51.27,1699,17.18,53.62,40.1,40.01,27.03,108.6,309.25,11.16,35.01,62.95,19.15,93.17,26.21,17.43,11.85,17.41,16.4,2.9,54.2,40.49,4.54,26.67,28.07,63.39,4.59,14.84,,4.56,255,10.28,19.69,52.85,160.95,117.35,321.08,198.56
2021/8/6,9.08,3.97,23.08,29.95,47.59,10.75,4.16,19.16,79.83,54.8,112.5,376.01,50.69,1671,17.49,52.22,39.29,39.19,26.76,114.6,308.88,11.22,35.4,63.93,19.05,91.9,26.38,17.52,11.83,17.55,16.4,2.91,53.67,38.82,4.53,26.4,27.82,62.52,4.55,14.29,,4.55,252,10.68,20.18,52.97,147.2,114.79,308.97,196
2021/8/9,9.17,4,23.52,31.44,49.06,11.56,4.22,19.09,76.3,56.92,114.32,379.29,49.52,1693.8,17.41,54.41,41.42,41.19,27.28,109.51,309.99,11.48,36.03,63.73,19.35,88.03,27.1,17.58,12.03,18.22,16.68,2.92,55.12,40,4.55,27.52,28.51,60.02,4.65,14.6,,4.54,260.4,10.69,20.1,53.98,142.78,121.06,291.26,189.74
2021/8/10,9.2,4,23.77,31.6,50.21,11.62,4.19,19.12,77.08,57.74,113.78,391.01,49.3,1799,17.37,54.32,41.56,41.22,27.8,110.32,332.49,11.55,36.26,67.2,19.55,87.28,27.71,17.69,12.14,18.66,16.8,2.92,55.73,40.65,4.56,27.67,28.76,58.2,4.65,14.83,,4.55,267.35,10.55,20,55.55,145.66,122.7,278,182.89
2021/8/11,9.21,4.04,23.7,31.1,50.9,12.59,4.24,19.11,72.46,56.89,112.6,394.68,47.18,1750.5,17.52,53.58,41.03,40.2,27.86,107.4,324.2,11.51,35.52,67.28,19.57,86.12,27.42,17.91,11.78,18.74,16.8,2.95,55.8,40.46,4.65,27.67,28.8,57.4,4.71,14.84,,4.61,259,10.59,20.71,54.87,143.5,119.56,277.59,186.01
2021/8/12,9.17,4.05,23.74,30.46,50.68,12.42,4.25,19.7,74.9,55.8,110.08,389.01,47.69,1690,18.22,52.84,40.88,40.06,27.58,111.88,321,11.5,35.11,62.5,19.69,86.64,27.15,17.89,11.75,18.61,16.84,2.94,54.74,39.98,4.63,27.1,28.35,60.64,4.69,14.75,,4.6,253.08,11.01,22,53.6,139.2,116.02,276.05,188.27
2021/8/13,9.18,4,24.1,30.83,51.18,12.02,4.23,19.27,71.75,56.53,113.5,387.06,46.1,1700.04,18.2,51.44,41.15,37.91,27.63,106.3,322.7,11.47,35.29,62.5,19.6,84.16,27.28,17.96,11.84,18.63,16.85,2.93,54.31,40.05,4.61,27.09,28.41,58.45,4.63,14.71,,4.55,257.65,11.29,21.66,53.2,138.74,115.68,269.59,172.41
2021/8/16,9.22,4.08,24.01,29.33,50.87,11.84,4.22,19.17,70.22,56.47,114.6,388.07,47,1699.2,18.03,51.7,41.43,38.4,28.3,107.59,327.6,11.67,35.19,61.66,19.77,84.77,27.72,17.93,12.27,18.63,17,2.93,54.93,40.38,4.62,27.29,28.77,57.71,4.7,14.85,,4.6,262.84,11.17,20.59,52.77,136.48,115.5,265.5,174.5
2021/8/17,9.19,4.04,23.91,28.85,49.62,12.2,4.16,18.71,66.2,54.75,111.01,370.9,47.97,1635,17.81,51.03,41.86,36.58,27.33,106.14,304.61,11.6,34,60.35,19.63,85,28.24,17.78,12.02,18.39,16.9,2.93,54.21,39.96,4.62,27.28,28.65,55.59,4.65,14.85,,4.53,244.98,10.95,20.6,52.07,129.95,111.9,261.7,163.72
2021/8/18,9.33,4.08,25.25,29.15,53.14,12.21,4.19,18.82,66.98,54.99,109.65,375.43,47.45,1620,17.93,53.05,42.57,37.25,27.12,102.92,304.45,12.28,33.82,63.2,19.69,81.98,31.06,17.56,12.25,19.19,17.74,2.96,56.04,41.46,4.67,28.2,29.97,54.38,4.76,16.11,,4.54,235.72,10.91,21.13,57,128.62,111.45,261.68,166.8
2021/8/19,9.23,3.95,24.64,28.26,51.58,11.8,4.33,18.75,67.5,53.84,106.98,378.34,49.02,1619.97,17.55,55.76,41.25,36.15,26.84,103.12,299.11,11.97,33.38,64.95,19.92,80.39,29.35,17.39,11.85,18.55,17.54,2.94,53.71,40.57,4.64,27.19,29.15,57.21,4.7,16.13,,4.44,236.09,10.34,20.79,53.9,130.75,110.42,264.99,167.02
2021/8/20,9.27,3.96,24.24,28.04,51.03,12.12,4.18,18.38,63.43,48.46,104.86,346.7,48.96,1548,17.59,53.49,42.15,36.05,26.11,101.8,272.04,12.13,33.23,63,19.85,79.12,28.78,17.26,11.88,18.26,16.99,2.96,53.01,40.38,4.66,26.47,29.66,58.27,4.67,16.3,6.11,4.4,228.27,10.04,20,53.09,123,105.45,258.3,168.09
2021/8/23,9.2,3.98,24.43,28.88,51.89,11.92,4.14,18.41,68.44,47.18,106.1,368.55,50.43,1570.19,17.59,55.32,41.62,37.11,26.18,109,270.2,12.02,33.23,66.11,20,80.75,28.81,17.68,12.04,18.29,17.16,2.95,52.7,40.25,4.63,26.52,29.38,60.73,4.63,16.08,5.5,4.43,232.1,10.14,21.34,53.27,123.99,104.98,271.4,165.75
2021/8/24,9.21,4,25.14,28.05,52.2,11.78,4.15,18.59,67.88,47.2,106.98,370.7,50.7,1625.18,17.83,55.68,40.8,37.27,26.52,114.4,278.1,12.56,33.3,67.49,19.85,84.14,29.36,17.8,12.05,18.59,18.81,2.94,51.8,40.51,4.63,26.6,29.56,59.51,4.61,16.59,4.95,4.51,240.1,10.32,21.07,53.26,130.87,109.78,268.76,178.58
2021/8/25,9.19,4.04,24.92,26.82,51.43,11.49,4.15,18.56,70.26,47.41,106.11,374.17,54.64,1665.02,17.71,56.96,40.5,36,26.65,115.02,284.55,12.38,33.67,66.36,19.73,88.13,28.83,18.02,11.98,18.37,17.73,2.93,51.58,40.25,4.63,26.24,29.47,61.23,4.64,16.42,4.83,4.61,246.94,10.52,21.67,52.25,132.38,109.29,259.21,171.35
2021/8/26,9.14,4.07,24.58,27.04,49.6,11.4,4.15,18.37,66.12,45.31,106.58,361.66,54.19,1595,17.73,54.25,39.45,35,25.75,111.89,275.8,12.31,33.1,65.5,19.5,86,28.37,18.24,11.69,18.13,17.52,2.92,50.3,39.7,4.62,25.59,28.9,58.28,4.63,15.96,4.71,4.65,245.14,10.39,21.47,51.87,125.82,106.75,258.3,168
2021/8/27,9.17,4.1,24.73,27.3,50.35,11.2,4.15,18.89,66.95,46.05,104.7,361.7,57.37,1596.03,18.06,52.15,39.32,35.36,26.2,112.88,281,12.43,33.5,62.8,19.53,90.81,26.98,18.16,11.71,18.01,17.61,2.93,52,40.7,4.64,26.18,29.46,62.97,4.73,15.79,4.61,4.73,240.23,10.45,21.74,51.41,129.94,106.09,266.12,175.5
2021/8/30,8.96,4.18,24.34,25.75,48.45,10.85,4.15,19.38,64.68,45.6,106.86,354.41,60.49,1586,17.85,50,37.39,34.68,25.65,124.17,279.97,12.54,33.13,68.45,19.09,97.3,26.81,18.93,11.51,18.1,17.57,2.92,50.71,40.15,4.58,26.05,28.59,65.1,4.69,15.95,4.64,4.86,239.5,10.89,21.99,52.01,130.45,105.53,267.17,170.06
2021/8/31,9.05,4.26,25.68,26.23,48.96,11.39,4.19,19.32,63.3,45.2,106.7,347.05,61,1558,18,49.56,39.96,33.5,27.06,119.35,277.52,12.71,34.01,68.08,19.34,89.46,27.98,20,11.48,18.5,17.76,2.96,49.9,40.62,4.62,26.3,28.84,66.12,4.8,16.38,4.56,4.94,228.29,11.11,20.74,54.02,132.8,94.98,242.09,153.05
2021/9/1,9.18,4.27,26.89,28.85,50.79,12.14,4.27,19.66,63.66,46.59,107,347.14,56.35,1622.01,18.23,50.28,43.16,33.35,28.96,117.67,278.99,13.15,36.18,63.14,19.82,85.03,30.78,19.53,11.71,19.16,18.15,2.99,51.49,42.55,4.68,27.47,30.82,64.92,5.12,17.01,4.58,4.93,236.29,10.69,20.58,55.9,132.78,93.05,256.48,153.65
2021/9/2,9.23,4.31,27.09,28.52,51.6,12.43,4.26,19.87,62.19,45.86,105.1,331.57,61.9,1618.8,18.22,49.07,43.34,32.58,28.41,113.2,268.02,13.35,36.02,63.11,19.98,88.14,30.72,20.11,11.75,19.43,18.37,2.98,51.55,42.45,4.69,27.57,30.93,63.68,5.19,17.6,4.56,4.96,228.05,10.9,19.92,56.16,128.52,89.8,241.5,146.49
2021/9/3,9.24,4.36,26.59,28.13,52,12.28,4.23,19.44,62.6,46.1,102.85,328.75,58.55,1658.22,18.36,53.98,43.69,32.72,28.44,112.1,267.14,13.21,36.16,58.95,20.06,85.59,30.99,19.97,12,19.44,18.06,3.01,51.71,42.74,4.73,27.81,30.96,61.6,5.07,17.36,4.54,5.05,236.4,11.07,19.95,57.25,133.7,90.07,232.5,147.87
2021/9/6,9.21,4.36,26.82,29.25,51.2,12.04,4.26,19.95,64.64,48.1,104.59,347.99,55.65,1670.67,18.5,58.52,45.7,33.38,28.8,112.49,280.77,13.51,36.58,59.69,20.02,86.03,33,20.77,12.05,19.36,18.48,3.01,51.58,43.01,4.73,28.49,31.05,62.13,5.15,18.05,4.55,5.01,243,10.95,19.99,59,140.64,92.02,240.84,152.56
2021/9/7,9.34,4.48,27.15,29.12,52.81,12.05,4.33,20.94,63.8,48.08,107.03,343.66,57.18,1669,18.4,59.37,45.27,33.72,28.58,113.08,285.18,13.81,36.45,60.18,20.03,87.51,33.7,21.28,12.17,19.9,18.76,3.02,52.34,43.05,4.75,28.45,31.54,62.57,5.2,18.68,4.54,5.13,249.56,10.98,20.9,59.38,141.2,90.24,245.52,156
2021/9/8,9.34,4.53,26.9,28.32,52.41,11.92,4.33,20.85,64.19,47.75,108.42,341.22,55.12,1633.1,18.96,59.99,44.57,33.14,28.16,106.95,275.46,13.67,36.18,59.51,20.33,84.68,32.67,21.81,12.19,19.43,18.61,3.04,51.95,42.9,4.77,28.16,31.7,61.33,5.23,18.7,4.54,5.16,249.33,10.85,21.38,58.3,139.91,90.75,243.08,156
2021/9/9,9.3,4.65,26.73,28.29,52.1,12.08,4.39,20.96,62.55,47.44,105.6,340.5,56.91,1634.08,19.29,56.1,45.97,32.81,27.79,108.01,275.4,12.52,36.01,61.92,20.39,82.79,31.98,23.99,12.18,19.23,18.47,3.04,51.62,42.99,4.75,28.15,31.43,61.21,5.35,18.34,4.54,5.27,245.07,11.43,20.82,57.3,140.78,90,245.81,154.25
2021/9/10,9.41,4.55,27.27,28.31,54.12,12.46,4.32,21,62.69,47.45,105.15,341.43,58.65,1662.58,19.98,56.73,47.48,32.95,28.19,108.8,289.7,12.91,36.4,60.34,20.4,83.81,32.17,22.4,12.2,19.74,18.95,3.04,51.71,43.11,4.79,28.3,31.79,60.02,5.26,18.98,4.53,5.19,255,11.97,22.42,58.01,140.8,90.77,243.13,159.9
2021/9/13,9.39,4.7,27.19,27.52,53.92,13.15,4.31,20.67,63.74,46.75,115.67,342.52,55.46,1654,21.73,57.63,49.38,32.65,27.31,106.1,293.22,12.8,35.8,58.62,20.38,81.4,31.9,23.95,12.17,20.09,19.04,3.03,51.12,42.88,4.77,28.49,32.08,60.31,5.29,19.15,4.54,5.5,251.25,12.39,23.09,60.05,136.32,88.96,237.35,155.3
2021/9/14,9.21,4.65,26.48,27.01,52.1,12.99,4.23,20.43,63.01,46.8,112.22,339.76,51.97,1657,21.25,55.08,48.5,32.22,26.64,103.72,299.59,12.38,35.47,56.92,20.09,81.91,31.11,23.16,11.94,19.16,18.39,2.99,49.86,41.79,4.71,27.7,30.91,62.8,5.09,18.56,4.53,5.71,246.85,11.72,22.07,57.71,141.96,88.18,234.9,154.64
2021/9/15,9.19,4.73,26.24,26.58,51.4,12.62,4.22,20.21,59.36,45.72,110.61,335.01,53.01,1615.74,21.31,54.44,45.73,31.9,26.02,101.11,289.98,12.35,34.81,57.36,19.71,84.1,31.1,22.87,11.8,18.85,18.36,2.98,49.47,41.28,4.68,27.88,30.82,61,5.05,18.09,4.53,5.99,234.97,11.52,21.65,56.76,141.73,86.32,231.99,151.55
2021/9/16,9.12,4.65,25.48,26.78,50.7,12.28,4.17,20.01,57.51,46.15,111.45,331.92,49.5,1638.07,21.03,53.6,46.21,31.89,25.71,97.57,297.25,12.12,35.05,54.59,19.76,81.01,30.48,23.16,11.75,18.6,18.14,2.97,49.51,41.16,4.68,27.69,30.85,55.35,4.95,17.68,4.53,5.95,241.36,11.11,20.45,56.04,144.16,89.06,227,147.9
2021/9/17,9.11,4.49,25.95,26.43,51.25,12.97,4.15,20.11,58.7,46.95,112.03,345.99,49.42,1686,20.2,54.79,46.63,32.94,26.8,96.89,316.86,12.29,35.49,52.67,20.31,80.2,31.97,21.62,11.75,18.68,18.6,2.98,48.68,40.9,4.7,27.17,30.82,56.81,4.92,17.96,4.53,5.7,249.5,10.81,20.68,56.81,152.4,89.1,239.82,151.25
2021/9/22,9.03,4.7,25.69,25.85,49.41,13.71,4.16,19.95,57.03,47.9,111.07,334.8,49.1,1637.69,20.1,53.41,46.63,32.8,26,94.75,311,12.17,35.35,53.56,21.36,80.35,32.64,23.78,11.69,18.12,18.34,2.95,47.78,40.21,4.63,26.7,29.67,55.75,4.97,17.77,4.63,6.11,238.12,10.71,21.1,56.61,153.39,87.08,239.7,149.29
2021/9/23,9.03,4.64,26.2,26.34,48.84,13.68,4.17,20.02,57.01,47.79,107.34,331.97,49.2,1635,19.78,54.38,47.64,33,25.25,97.12,311.91,12.36,35.71,55.08,21.23,80.19,32.41,23.43,12.08,18.22,18.8,2.96,48.22,40.92,4.66,27.1,30,54.54,5.05,18.01,4.55,5.99,234.6,10.58,20.87,56.56,150.3,91.58,244.51,150.61
2021/9/24,9.02,4.54,26.04,25.88,48.77,13.42,4.14,19.68,57.32,49.8,104.73,339.65,50.85,1694,19.37,54.66,43.51,33.99,24.66,95.9,321.71,12.22,37.08,53.87,21.09,81.81,32.02,21.9,11.86,17.92,18.53,2.94,48.08,40.57,4.64,27.1,29.63,54.4,4.92,17.75,4.44,5.97,247,10.34,21.49,56.43,150.88,100.74,239.8,150.2
2021/9/27,9.02,4.46,25.65,25.18,49.09,12.91,4.09,19.73,59.35,50.75,103.15,360.75,50.15,1855,18.95,55.02,41.75,33.58,24.89,97.15,324.9,12.08,37.28,53.17,21.58,82.98,31.54,21.93,11.87,18.1,18.23,2.93,49,41.04,4.63,27.64,30.49,53.53,4.84,17.18,4.31,6.21,256.72,10.13,19.34,54.65,151.6,106.63,250,145.19
2021/9/28,9.03,4.74,25.86,25.36,50.42,13.63,4.11,19.53,56.9,50.39,105.85,353.55,49.46,1822.06,18.99,55.5,42.03,33,25.63,95.42,317,12.21,37.55,54.94,21.79,81.56,31.97,22.81,11.8,18.46,18.53,2.95,49.26,41.28,4.66,27.87,30.16,51.52,4.87,17.72,4.34,6.49,253.98,10.22,18.19,57.7,150.98,107.67,245.7,152.91
2021/9/29,9.02,4.46,25.61,25.18,51.56,13.81,4.1,19.2,52.05,49.92,106.21,355.55,50.26,1820,19.95,54.75,40.82,32.5,26.03,93.21,318,12.29,37.7,53,22.12,81.07,31.1,22.17,11.84,18.51,18.14,2.96,49.19,41.17,4.68,27.99,30.46,51.43,4.82,17.16,4.26,6.04,251.28,10.02,16.54,58,150.1,109.75,243.98,147.04
2021/9/30,9,4.46,25.28,25.44,50.45,14.03,4.11,19.08,52.3,50.23,106.75,378.2,50.94,1830,19.61,57.28,40.8,33.13,26.15,93.66,315.5,12.14,37.7,53.19,22,82.48,30.9,22.66,11.62,18.3,17.83,2.94,48.36,40.16,4.66,27.14,29.8,52.6,4.8,16.99,4.29,6.01,260,10.09,17.28,57.22,152.8,110,242.61,144.99
2021/10/8,9.08,4.59,25.75,26.16,50.93,13.55,4.18,19.55,51.5,54.19,107.34,395.95,50.46,1839.6,19.86,58.75,41.28,34.27,26.7,95.8,325,12.41,39.62,51.29,21.95,79.55,31.23,21.4,12.12,18.68,18.7,2.96,52.1,42.18,4.71,29.3,31.3,53.4,4.85,17.32,4.34,6.28,270.3,10.26,16.8,56.15,149.62,112,236.48,149.7
2021/10/11,9.15,4.62,25.66,25.93,53,13.89,4.21,19.76,51.61,53.61,106.2,394.91,51.51,1867.12,20.04,56.75,41.77,34.2,26.73,98.41,317.6,12.4,39.47,53.53,21.62,78.45,29.86,22.42,12.13,19.36,18.66,2.99,52.74,42.87,4.74,29.68,31.9,55.18,4.83,17.07,4.33,6.15,263.5,11.04,16.83,55.67,141.86,109.92,234.47,147.35
2021/10/12,9.14,4.51,24.86,25.39,53.09,14.09,4.2,19.55,50.6,53.8,104.63,390.99,52.73,1870.99,19.6,56.8,41.73,33.58,26.64,96.96,319,12.26,38.79,52,21.33,78.15,28.95,22.24,11.88,19.34,17.7,2.98,52.26,42.7,4.75,29.57,32.01,57.08,4.77,16.46,4.28,6,267.2,10.82,16.85,52.49,143.03,114,226.3,142.15
2021/10/13,9.07,4.33,24.71,25.43,53.03,13.91,4.19,20.25,50.97,52.95,103.63,421.93,54.9,1929.9,19.15,57.45,41.09,33.91,26.42,96.77,333.8,12.26,39.61,52.07,20.85,83.21,29.1,21.52,11.89,19.21,17.63,2.96,51.75,42.47,4.72,29.11,31.6,59.8,4.72,16.29,4.27,5.75,278.2,10.71,16.82,52.45,149,113.55,242.02,145.26
2021/10/14,9.04,4.34,24.76,25.62,52.36,13.5,4.18,20.55,50.8,51.06,104.96,419.8,54.37,1911,20.29,57.11,40.23,33.29,25.77,96.98,340.45,12.22,39.02,53.59,20.68,82.05,29.2,21.19,11.86,19.09,17.7,2.95,51.41,41.99,4.71,28.89,31.27,62.63,4.72,16.31,4.26,5.7,273.09,11.13,16.07,52.22,143.87,112.38,248.88,146.12
2021/10/15,9.07,4.42,24.96,25.27,53.31,13.8,4.22,20.82,50.43,50.05,104.97,422.6,55.9,1916.97,20.07,58.12,40.3,33.97,26.21,98.78,346.8,12.25,39.08,53.64,20.85,85,29.03,21.96,11.73,19.22,17.74,2.95,50.88,41.93,4.75,28.8,31.34,62.95,4.66,16.28,4.26,5.95,269.55,11.46,15.05,52.37,145.33,114.67,250,155.54
2021/10/18,9.02,4.51,24.98,24.82,51.86,13.3,4.23,21.01,50.3,49.1,104.74,424,55.81,1800,19.97,57.1,40.84,32.84,25.9,99,312.12,12.29,38.6,55.59,21.06,86.03,28.61,23.59,11.58,19.24,17.7,2.96,49.86,41.46,4.73,28.52,30.6,63.4,4.71,16.33,4.22,6.01,259.84,11.56,15.85,52.49,143.7,112.55,239.39,149.31
2021/10/19,9.01,4.53,25.05,25.01,52.88,12.89,4.22,20.96,51.88,49.61,108.86,438.93,53.89,1812.18,20.13,59.26,40.39,32.7,26.16,101.2,329.99,12.26,38.29,54.94,21.31,84.99,28.99,23.46,11.64,19.23,18.01,2.95,51.45,43.05,4.72,29.14,31.25,61.96,4.71,16.36,4.2,5.96,259.12,11.8,16.94,52.99,145,115.8,247.23,148.45
2021/10/20,9.02,4.45,25,24.8,52.4,12.76,4.19,20.98,52.29,51.58,108.09,437.95,54.55,1841,19.69,57.85,40.35,33.03,25.6,101,329.8,12.17,38,55.44,20.99,87.86,28.85,21.97,11.59,19.15,18.01,2.95,51.37,42.54,4.7,28.7,31.08,63.4,4.67,16.15,4.19,5.85,259.5,11.32,16.11,52.7,140.49,117.68,245.56,146.84
2021/10/21,9.04,4.48,25.16,24.56,53.75,13.46,4.17,20.98,50.84,50.5,111.75,433.9,53.93,1844,20.03,57.1,39.84,32.48,25.79,99.08,326.62,12.27,38.18,54.17,21.07,84.42,29.14,23.06,11.49,19.78,18.01,2.97,54.28,43.59,4.74,29.75,32.54,60.88,4.73,16.27,4.17,5.88,257,11.34,16.1,51.9,141.2,117,246,146.69
2021/10/22,9.07,4.36,25.46,25.16,54.29,13.71,4.11,20.96,51.93,51.3,111.03,434.99,54.62,1901,19.84,58.03,40.61,32.67,27.71,98,328.13,12.28,39.89,54.12,21,84.62,29.19,21.63,11.54,19.87,18.03,2.96,54.29,43.48,4.73,29.84,32.64,62.45,4.73,16.33,4.14,5.7,269,11.12,15.8,52.01,139.78,121.8,252.26,154.4
2021/10/25,9.03,4.45,25.65,24.87,54.59,13.49,4.11,20.97,51.29,51.21,110.62,434,57,1873.03,19.99,60.06,39.18,32.69,26.93,102.2,323.61,12.39,40.5,55.8,21.03,88,29.86,22.35,11.38,19.65,18.36,2.96,53.21,43.17,4.72,29.5,32.73,66.88,4.69,16.48,4.22,5.91,264.47,11.16,16.26,52.39,139.3,118.45,249.97,152.6
2021/10/26,9.03,4.42,25.26,24.66,55.3,13.05,4.08,20.73,50.91,49.4,109.26,424,56.12,1861.05,20.13,60.85,38.95,31.75,26.55,101.04,319.89,12.3,40.56,56.44,21.16,86.4,29.45,21.86,11.43,19.38,18.02,2.94,52.17,42.85,4.7,29.18,32.3,66.49,4.66,16.1,4.2,5.85,265,11.31,16.26,51.03,138.8,116.22,256.59,158.01
2021/10/27,8.99,4.35,24.67,24.14,54.52,13.01,4.04,20.38,49.73,49.06,105.9,415,56.55,1819,19.72,61.26,38.05,30.57,25.93,106.1,310.4,12.09,40.28,56.98,21.27,88.41,28.55,20.98,11.28,19.08,17.71,2.94,51.65,42.32,4.7,29.18,32.13,67.18,4.62,15.71,4.23,5.81,258,10.89,16,47.49,135.57,116.25,252.39,157.56
2021/10/28,8.96,4.2,24.75,22.86,54.22,12.93,4.05,19.84,49.72,48.76,104.5,409.3,55.44,1825.49,19.8,60.65,38.04,30.73,26.72,108,307.1,12.03,40.76,55.8,21.13,89.12,28.2,20.15,11.16,19.05,17.47,2.93,51.3,41.95,4.67,29.12,31.9,65.95,4.61,15.7,4.41,5.45,264.48,10.51,15.76,47.64,134.25,116.41,264,164.3
2021/10/29,8.94,4.25,25.88,22.96,53.97,12.56,4.08,20.28,50,49.24,105.47,412.92,57.23,1826.08,19.92,63,38.08,31.8,27.2,109.76,301.5,12.35,43,59.16,21.25,97.69,28.29,19.89,11.35,18.63,17.52,2.94,49.57,39.17,4.67,27.4,29.8,68,4.66,15.87,4.39,5.48,268.46,10.46,16.53,48.16,138.01,117.02,266,169.51
2021/11/1,8.72,4.22,25.98,23.06,54.12,12.25,4.1,19.97,50.03,49.8,104.4,415,55,1803,19.89,62.25,37.9,30.88,27.58,115.9,286.7,12.55,42.56,59.67,21.38,100.2,28.83,20.09,11.44,18.97,17.52,2.96,50.12,39.19,4.73,28.25,29.79,65.6,4.77,16.17,4.33,5.38,241.61,10.48,16.02,47.97,130.18,112.89,269.9,171.09
2021/11/2,8.54,4.15,25.53,22.41,52.25,12.23,4.04,20.22,47.59,48.5,103.98,420.79,51.32,1804.64,20.38,62.24,37.26,31.41,26.42,116.45,285.9,12.39,42.98,60.52,20.95,99.98,28.05,19.6,11.43,18.02,17.09,2.93,50.01,38.64,4.65,27.9,29.32,65,4.67,15.81,4.22,5.27,222.88,10.23,16.1,48,131.77,120,282.74,172
2021/11/3,8.53,4.15,25.39,22.55,51.7,12.91,4.03,20.19,49.99,49.12,102.57,407,51.47,1765,19.82,62.01,37.93,31.59,26.43,113.88,282.1,12.45,41.81,59.01,21.17,91,27.88,20.1,11.47,18.29,17.07,2.93,50.05,38.66,4.64,28.09,29.36,61.5,4.7,15.7,4.21,5.18,228.3,10.2,16.37,47.57,132.43,118.32,278.5,168.8
2021/11/4,8.51,4.14,25.44,22.61,51.75,12.62,4.04,20.66,49.7,51.21,103.28,410.33,52.7,1804.2,19.78,63.6,38.02,31.77,26.56,117,293.32,12.38,42.86,60.2,21.06,92.5,27.96,20.14,11.62,18.23,16.99,2.92,49.7,38.61,4.65,28.09,29.03,63.02,4.66,15.59,4.19,5.07,233.66,10.26,16.24,47.46,126.49,123.52,278.62,167
2021/11/5,8.53,4.09,25.36,23,51.56,12.24,4.05,22.73,49.9,51.81,100.56,419.5,50.05,1819.94,19.95,63.41,37.82,31.99,26.3,116.8,295.28,12.36,43.24,58.67,20.66,90,27.98,19.5,11.69,18.14,16.92,2.92,49.93,38.36,4.66,28.08,28.84,62.85,4.6,15.49,4.24,4.9,230.78,10.18,15.81,46.17,126.4,123.46,283.87,167.31
2021/11/8,8.49,4.09,25.46,22.76,51.3,12.58,4.03,23.01,47.9,49.62,100.49,424.3,50.4,1820.1,20.19,62.16,37.8,31.76,25.73,116.8,299.9,12.43,42.5,59.39,20.35,91.7,28.43,19.79,11.65,18.07,17.09,2.92,50.4,38.4,4.63,28.1,28.98,63.19,4.58,15.53,4.21,4.93,229.42,10.51,15.7,48,122.9,120.05,279.99,161.99
2021/11/9,8.54,4.05,25.58,22.19,51.06,12.55,4.04,22.16,48.45,49.81,96.66,423,50.48,1790.01,20.07,61.08,37.89,32.6,25.61,116.87,302.01,12.59,42.23,62.3,20.34,93.13,28.6,19.45,11.59,18.31,17.1,2.92,49.69,38.27,4.64,27.74,28.88,63.02,4.57,15.57,4.22,4.85,227.62,10.56,15.62,47.98,126.98,119.9,280,164.3
2021/11/10,8.48,4.08,25.01,21.78,50.63,13.5,4.01,21.42,50.93,53.73,97.34,422.78,48.7,1753.99,20.32,60.1,36.71,32.49,25.23,115.1,297.9,12.48,41,61.6,20.15,94.8,28.45,19.08,11.54,18.19,17.05,2.91,49.13,37.94,4.62,27.38,28.55,61.52,4.64,15.42,4.21,4.85,227.11,10.55,15.4,48.17,128.42,117.54,276.2,166.2
2021/11/11,8.62,4.1,25.75,22.56,52.82,14.85,4.03,21.32,49.94,53,98.88,418.06,48.9,1769.6,20.96,61.99,38.86,32.45,26.79,119.9,295,12.66,42.2,61.65,20.13,95.79,29.5,19.23,11.73,18.89,17.37,2.94,51.15,38.64,4.66,28.4,29.26,61.75,4.88,15.9,4.21,4.82,228.8,10.69,15.36,49.23,130.11,117.89,274.48,164.56
2021/11/12,8.65,4.11,25.34,22.17,52.4,14.87,4.01,21.38,49.93,52.55,98.52,428.55,49.48,1773.78,20.87,63.02,38.13,33.02,27.5,118.74,291.89,12.63,42,64.62,19.97,94.77,29.34,19.12,11.72,18.84,17.37,2.93,50.61,38.36,4.65,28.2,29.13,61.75,4.81,16.08,4.21,4.81,223.56,10.74,15.18,48.93,128.9,116.4,272.23,162.77
2021/11/15,8.75,4.1,25.22,22.19,52.93,14.49,4.02,21.14,51.9,53.37,97.52,437.26,48.33,1761.14,20.72,63.4,38.25,32.68,27.62,117,296.25,12.55,42.28,63.39,20.17,92.29,29.22,19.13,11.87,18.83,17.35,2.93,50.6,38.42,4.67,28.37,29.21,59.18,4.76,15.83,4.22,4.81,229.88,10.56,14.61,47.98,131.36,121.86,272,166.78
2021/11/16,8.73,4.11,24.01,22.01,52.5,14.41,4.02,20.62,54.64,54.35,97.25,456.5,48.64,1808,20.85,62.1,37.19,32.85,27.96,118.81,310.7,12.41,42.28,60.15,20,89.98,28.56,18.95,11.81,18.6,17.17,2.93,50.36,38.66,4.65,28.62,29.36,58.43,4.71,15.74,4.21,4.77,234,10.36,15.31,47.5,136.48,121.46,267.23,163.18
2021/11/17,8.65,4.11,24.04,22.07,51.84,14.32,3.98,20.76,54.23,53.92,98.41,449.51,50.2,1795,20.22,61.86,37.05,31.9,27.52,115.86,309.95,12.33,41.44,60.75,20.06,91.29,28.62,19.03,11.74,18.51,17.16,2.93,50.05,38.87,4.65,28.57,29.28,58.7,4.7,15.62,4.21,4.83,230.44,10.42,15.18,47.5,136.55,120.71,264.98,161.92
2021/11/18,8.56,4.08,24.08,21.72,51.41,14,3.94,20.64,54.34,51.78,97.6,452.8,49.41,1792,20.06,58.78,37,31.1,27.23,113.73,311.12,12.14,41.2,62.83,20.04,89.72,28.33,19.1,11.62,18.3,16.91,2.93,49.51,38.42,4.64,27.97,29.1,59.07,4.67,15.41,4.18,4.77,224.1,10.36,15.07,47,131,118.98,264.64,158.59
2021/11/19,8.65,4.18,24.3,21.9,52.33,15.02,3.97,20.68,54.15,51.99,100.24,447.58,48.93,1828.41,20.12,58.6,37.47,31.12,28.19,114.47,311.7,12.28,40.85,63.3,20.21,91.89,28.85,19.34,11.91,18.5,17.29,2.95,49.96,38.74,4.66,28.32,29.51,59.21,4.75,15.69,4.19,4.83,225.3,10.43,15.19,48.22,130.3,119.9,269,159.3
2021/11/22,8.6,4.13,24.29,22.05,51.69,14.11,3.96,20.88,52.4,52.02,100,443,49.22,1854.27,19.84,57.9,37.28,32.12,28.02,120,310.2,12.23,40.23,63.72,19.99,92.18,28.88,19.37,11.86,18.2,17.3,2.94,49.71,38.59,4.63,27.86,29.47,64.09,4.68,15.72,4.4,4.85,223.56,10.54,15.38,48.53,128.8,118.08,279.9,165.46
2021/11/23,8.63,4.12,24.21,22.91,51.75,14.4,3.95,21.04,52.68,52.08,98.8,443.69,48.38,1896.43,19.65,58.86,37.41,31.73,27.89,120.2,308.17,12.22,40.08,62.6,19.98,92.78,28.9,19.58,11.73,18.13,17.34,2.94,49.62,38.89,4.63,27.78,29.47,61.98,4.69,16.2,4.3,4.86,220.5,10.58,15.24,48.6,129.97,117.37,279.89,162.16
2021/11/24,8.68,4.16,24.19,22.56,51.74,14.55,3.95,20.6,52.15,51.88,98.27,441.55,46.38,1941,19.39,57.83,37.38,31.44,27.79,122.4,318.01,12.17,39.93,61.42,19.79,90.77,28.86,20.16,11.71,18.31,17.35,2.94,49.75,39.14,4.64,27.8,29.56,61.34,4.7,16.2,4.29,4.95,220.99,10.44,14.99,49.8,132.98,116.38,280.8,156.02
2021/11/25,8.64,4.12,24.09,22.73,51.42,14.26,3.94,20.56,52.8,52.99,96.98,440.98,45,1956.03,19.41,57,37.16,31.35,27.35,119.88,315.18,12.04,40.32,60.57,19.79,87.44,28.7,20.31,11.63,18.27,16.9,2.92,49.4,38.7,4.63,27.83,29.4,58.9,4.71,16.22,4.28,4.87,211.8,10.53,15.09,49.05,134.81,115.38,282.6,156.33
2021/11/26,8.56,4.09,23.92,22.49,50.1,14.06,3.91,20.16,52.8,52.35,96.44,438.68,44.93,1941.01,19.33,57.15,36.57,31.1,27.59,119.33,315,11.95,39.19,60.99,19.53,87.35,28.28,19.72,11.17,18.2,16.85,2.92,48.72,38.31,4.61,27.38,28.93,58.95,4.67,15.9,4.28,4.77,211.32,10.36,14.9,48.61,139.66,114.66,273.33,151.99
2021/11/29,8.59,4.06,23.8,22.07,49.82,13.95,3.87,20.09,55.1,51.09,95,438.29,44.29,1985,19.1,58.32,36.12,30.65,26.84,123.35,315.1,11.85,39.74,63.68,19.53,87.99,28.09,19.57,10.98,18.07,16.68,2.92,48.66,38.08,4.58,27.25,28.82,58.74,4.64,15.64,4.28,4.74,203.3,10.25,16.39,47.77,143,113.5,275.45,150.23
2021/11/30,8.51,4.04,23.77,21.9,49.49,13.85,3.88,19.95,56,50.17,95.75,447,44.92,1930.77,19.1,58.41,36.22,32.54,27.22,122.7,310.02,11.83,39.17,64.34,19.53,87.42,28.03,19.54,11.17,18.01,16.73,2.91,48.22,37.91,4.58,27.09,29.55,59.86,4.64,15.82,4.28,4.71,205.45,10.15,17.37,47.6,144,112.3,272.38,150.6
2021/12/1,8.56,4.13,24.23,22.05,49.99,14.09,3.91,20.19,54.37,50.5,95,433.01,45.66,1932.99,19.05,58.55,36.65,32.79,27.71,126.3,312.42,11.92,38.7,64.7,19.53,84.06,28.37,20.1,11.26,18.12,16.9,2.93,48.87,38.37,4.6,27.29,29.33,57.87,4.69,16.23,4.29,4.86,202.89,10.14,17.09,49.25,146.32,113.68,266.95,165.66
2021/12/2,8.58,4.19,24.4,22.36,50.89,14.45,3.9,20.59,53,49.06,95.19,443.96,45.66,1934,18.84,57.85,38.48,32.5,27.88,127.89,314.98,11.99,38.38,65.08,19.53,83.13,28.41,20.68,11.2,18.37,16.99,2.93,48.88,38.33,4.61,27.18,29.15,58.49,4.75,16.4,4.28,4.89,201.82,10.04,17.53,49.75,141.6,112.7,293.65,169.79
2021/12/3,8.59,4.2,24.78,22.45,51.25,14.74,3.91,20.52,53.07,49.2,95.02,463.07,43.97,1971.88,18.88,58.75,38.36,32.15,28.75,133.36,324.51,11.99,39.9,65.6,19.53,82.24,28.73,22.6,11.25,18.3,17.04,2.93,48.99,38.59,4.61,27.1,29.29,57.2,4.78,16.43,4.32,4.92,204.06,10.12,17.44,49.9,141.8,111.55,303.75,176.49
2021/12/6,8.6,4.18,25.91,22.69,51.82,15.06,3.9,20.25,51.22,49.28,97.67,451.49,44.54,1967.3,19.12,58.83,38.84,31.3,29.7,130.2,321,12.07,39.82,64.8,19.53,81.89,29.05,22.19,11.28,18.52,17.25,2.93,49.15,38.64,4.63,27.26,29.44,56.67,4.8,16.92,4.33,4.89,211.99,10.17,18.18,49.88,136.72,109.86,296.97,172.62
2021/12/7,8.68,4.23,26.15,24.25,51.84,14.9,3.92,20.86,51.33,50.18,99.5,456.15,44.98,1955.87,19.03,60,39.7,31.88,30.2,128.6,318.7,12.1,39.98,61.7,19.53,83.97,28.92,22.08,11.35,19.22,17.27,2.94,50.39,39.25,4.66,27.77,29.8,55.9,4.9,16.98,4.33,4.96,213,10.25,18.53,49.97,136.68,112.7,297.31,171
2021/12/8,8.67,4.22,26.49,23.75,52.04,14.91,3.92,20.93,51.8,50.36,100,459.57,46.45,2043,19.24,61.27,39.27,35.07,30.09,135,330.84,12.14,41.09,63.51,19.53,84.16,29.98,21.75,11.56,19.45,17.44,2.93,50.34,39.18,4.64,27.74,29.9,56.29,4.84,17.12,4.34,5.01,215.46,10.3,18.82,50.71,139.5,112.8,309.99,180.55
2021/12/9,8.75,4.27,26.88,23.81,53.13,15.24,3.94,21.79,52.75,51.39,102.85,465.98,46.56,2086.55,19.31,62.75,40.18,36.38,30.47,135.39,334,12.32,41.41,62.76,19.53,85,30.52,21.8,11.77,19.43,17.62,2.95,51.31,39.62,4.66,28.23,30.47,56.61,4.88,17.28,4.42,5.08,228.38,10.36,18.75,52.32,141.41,116.9,309.2,180.11
2021/12/10,8.77,4.22,26.44,23.17,53.49,14.97,3.95,21.83,51.95,51.26,102.6,455,48.43,2090,19.21,62.04,39.44,35.85,30.5,134.78,334.11,12.2,42.29,61.99,19.53,86.81,30.5,21.7,11.89,19.42,17.46,2.94,51.22,39.38,4.66,28.14,30.4,56.75,4.86,16.96,4.44,4.97,229.68,10.26,19.39,51.77,139.9,115,305.98,174.88
2021/12/13,8.65,4.22,26.67,24.12,52.42,14.5,3.94,21.73,51.78,51,106.8,461.9,48.25,2118.2,19.12,62.91,40.64,35.92,30.71,138.1,339.67,12.15,42.3,62.4,20.86,87.68,30.36,21.8,11.98,19.59,17.46,2.93,51.15,39.43,4.63,28.26,30.3,55.17,4.91,17.11,4.4,4.96,229.2,10.38,19.1,52.7,135.28,112.7,306.88,174.4
2021/12/14,8.57,4.16,26.32,23.7,51.15,13.98,3.93,21.27,52.7,51,104.7,471,46.75,2150,18.99,63.4,39.5,35.96,29.98,139.9,340.93,12.12,41.97,64.78,21.68,86.54,30.02,21.24,11.97,19.21,17.33,2.93,50.85,39.26,4.62,27.67,30.17,53.14,4.81,17.09,4.34,4.86,228,10.14,18.13,52.69,137.8,112.19,306.37,172.55
2021/12/15,8.55,4.15,26.4,23.61,51,14.27,3.93,21.13,51.08,50,103.18,463,47.27,2135,19.03,62.59,39.56,35.7,29.4,138.8,335,12.15,41.39,64.31,21.83,85.3,30.3,21.37,11.87,19.12,17.33,2.93,50.7,39.07,4.61,27.53,29.92,52.34,4.89,17.21,4.35,4.83,223.29,10.05,18.35,52.73,124.02,108.65,303,170.47
2021/12/16,8.6,4.22,26.65,23.89,51.2,14.47,3.95,21.31,51.14,50.23,103.99,457.7,47.2,2118.99,19.03,62.94,40.03,36,29.7,137.78,313,12.22,41.35,65.22,22.02,85.48,30.38,22.85,12.05,19.5,17.44,2.94,51.2,39.35,4.62,27.8,30.1,53.29,4.95,17.38,4.36,4.94,225.05,10.11,18.58,52.59,124.96,109.55,304.48,170.92
2021/12/17,8.56,4.2,26.29,23.54,50.77,14.43,3.96,20.95,49.97,49.78,103.15,456.5,45.11,2050.7,19.29,62.68,39.93,35.5,29.45,135.22,304.3,12.24,40.96,63.9,21.91,81.9,29.8,22.03,12.14,19.48,17.39,2.93,50.54,39.06,4.61,27.55,29.93,52,4.95,17.16,4.35,4.94,217.28,10.17,18.72,51.53,124.8,108.5,291.7,167.14
2021/12/20,8.58,4.18,25.88,23.15,50.69,14.7,3.97,20.59,49.74,49.88,100.9,458.08,44.15,2058.96,18.96,62.3,40.27,34.7,28.93,134.7,310.9,12.14,40.95,61.7,21.75,80.49,29.48,21.76,12.1,19.52,17.16,2.94,50.28,38.9,4.61,27.48,30.01,50.6,4.99,16.85,4.42,4.85,212.5,9.96,19,50.44,114.38,109.38,287.42,163.48
2021/12/21,8.61,4.21,26.11,23.43,50.63,15.44,3.97,20.87,49.95,50.04,101.75,466.13,44.76,2038.2,18.99,64.17,41.19,34.66,29.57,134.14,303.84,12.22,41.56,62.31,21.98,80.98,29.67,22.2,12.15,19.53,17.6,2.94,50.84,39.21,4.65,27.62,30.25,51.3,5.02,17.27,4.43,4.9,215,9.99,18.95,51.06,118,107.18,290.43,166.23
2021/12/22,8.57,4.2,25.88,23.21,50.01,15.48,3.94,20.65,49.01,49.66,101.5,479.11,44.55,2048,18.86,63.59,41.25,34.5,29.77,136.5,299.01,12.13,41.55,61.75,22.01,80.11,29.38,22.11,11.91,19.32,17.41,2.94,50.18,38.99,4.64,27.35,29.94,52.26,4.95,17.23,4.36,4.89,212.01,9.97,18.37,50.73,115.74,106.15,305.71,171.08
2021/12/23,8.58,4.25,25.93,23.52,50.22,15.6,3.93,20.82,49.03,49.41,102.64,475.85,44.06,2120,18.88,64.01,41.75,34.95,29.51,135.99,306.08,12.16,41.49,62.22,22.2,80.2,29.44,22.67,12.03,19.26,17.5,2.94,50.22,38.87,4.65,27.34,29.98,52.88,4.96,17.26,4.35,5.03,210.35,10.03,18.78,50.3,114.96,107.03,305.94,171.51
2021/12/24,8.54,4.21,25.69,23.36,49.86,15.61,3.92,20.59,49.95,50.12,101.25,479.8,41.27,2194.09,18.58,63.7,41.78,35.61,28.99,136.98,307.45,12.06,42.37,60.89,22.37,77.88,28.92,22.46,11.98,19.07,17.48,2.94,49.82,38.45,4.65,27.18,30.14,50.12,4.96,17.16,4.31,4.94,217.9,9.69,18.36,49.56,112.03,106.95,308,173.89
2021/12/27,8.56,4.25,26,23.51,49.33,15.29,3.93,20.81,50.15,50.41,101.65,472.3,40.35,2131.82,18.49,62.4,41.49,36.31,28.91,136.3,321.41,12.11,41.95,60.38,22.35,78.14,28.98,22.8,12.08,18.85,17.62,2.94,49.98,38.54,4.66,27.13,30.27,48.66,5.01,17.33,4.32,4.95,220,9.58,18.7,49.19,114.19,110.52,314.16,167.7
2021/12/28,8.57,4.24,26.05,23.75,49.63,15.2,3.93,20.84,49.72,50.17,101.88,476.15,41.27,2138.18,18.7,63.52,40.89,36,30.35,131.5,326,12.17,41.9,60.07,22.37,81.55,29.3,22.28,12.05,19.04,17.68,2.95,50.87,38.9,4.68,27.17,30.37,49,4.99,17.36,4.32,4.93,222.72,9.71,19.6,49.75,119.1,108.86,310,171.02
2021/12/29,8.54,4.24,25.88,23.35,47.62,15.05,3.92,20.59,48.89,49.72,101.89,428.54,42.21,2041,18.62,62.4,40.47,35.43,29.25,128.41,315.53,12.16,41.1,60.26,22.25,82.01,29.08,22.28,11.9,18.92,17.63,2.94,50.81,38.84,4.66,27.06,30.3,48.57,4.94,17.25,4.31,4.91,215.98,9.62,19.45,48.51,119.19,104.81,305.21,165
2021/12/30,8.54,4.22,26.37,23.14,48.5,15.1,3.92,20.53,48.88,50.01,100.72,423.03,42.1,2075,18.59,61.8,40.45,35.97,29.68,131.9,320.38,12.23,41.36,63.08,22.53,81.23,29.29,21.94,11.9,19.05,17.86,2.94,50.41,38.88,4.64,27.07,30.18,48.6,4.94,17.69,4.31,4.9,217.5,9.64,18.7,49.08,120.01,104.68,310.08,176.47
2021/12/31,8.53,4.23,26.41,22.8,48.71,15.63,3.93,20.63,48.94,50.71,101,437.15,44.96,2050,18.82,62.15,40.3,35.88,29.89,129.3,315.78,12.26,41.46,63.46,22.7,86.2,29.25,22.52,11.92,19.04,17.89,2.94,50.41,38.88,4.63,27.12,30.09,48.54,5,17.76,4.33,4.91,219.41,9.7,18.69,49.03,118.58,105.11,310.77,175.85
2022/1/4,8.57,4.26,26.44,22.8,48.35,15.8,3.99,20.69,48.23,50.39,100.05,432.3,42.52,2051.23,18.91,62.47,41.67,36.07,29.4,130,310.5,12.33,40.7,63.55,22.84,84.86,29.06,22.73,12.04,19.13,17.86,2.94,51,39.05,4.67,27.26,30.31,47.78,5.03,17.65,4.38,4.94,214.06,9.82,19.6,49.1,108.8,106.04,310.42,175.88
2022/1/5,8.64,4.28,25.94,23.08,49.05,16,3.98,20.95,47.41,50.92,100.55,414.99,41.73,2024,19.08,62.8,42.26,37.53,30,124.73,305.01,12.3,41.7,59.78,22.79,81.47,29,22.4,12.11,20.07,17.68,2.97,52.07,39.29,4.71,27.6,30.53,45.98,5.02,17.42,4.3,4.96,214.2,9.77,19.22,48.86,109.76,108.63,286,158.3
2022/1/6,8.57,4.27,25.42,23.85,48.15,15.51,3.96,20.61,47.6,50.11,100.95,402,41.9,1982.22,19.1,59.65,43.29,36.37,30.14,126.9,301.8,12.2,39.98,58.3,22.01,80.55,28.28,22.22,11.89,19.96,17.38,2.96,51.3,38.98,4.7,27.46,30.19,44.61,5.13,17.01,4.3,4.98,210.11,9.67,18.57,47.57,108.11,109.53,279,162.96
2022/1/7,8.71,4.35,25.72,24.81,49.05,16.15,3.99,20.66,47.53,50.88,102.85,394.31,42.1,1942,19,58.8,43.96,35.56,30.8,123.74,295,12.24,40.13,56.18,22.16,80.27,28.4,22.51,11.83,20.4,17.59,2.99,52.94,39.88,4.74,27.92,30.54,45.17,5.24,17.29,4.29,5.27,207.78,9.37,18.67,47.32,108.88,109.29,277.74,157
2022/1/10,8.72,4.34,25.83,24.86,49.23,16.47,4.03,20.75,48.95,51.12,100.7,394.98,41.89,1966,19.2,58.98,43.88,35.4,30.19,123.28,288.4,12.26,41.03,55.59,22.4,79.7,28.68,22.78,11.96,20.63,17.84,2.99,53.08,40.02,4.75,28.11,30.01,46.9,5.37,17.39,4.32,5.3,207.11,9.4,18.09,47.88,112.01,107.47,273.8,156.5
2022/1/11,8.73,4.3,25.96,24.52,49.85,16.16,4.03,20.31,48.95,50.18,98.2,393.82,40.8,1940.55,19.34,57.92,43.41,33.51,29.66,119.5,290,12.28,39.82,52.75,22.5,77.98,28.65,22.7,11.85,21.4,17.84,3,52.86,39.87,4.75,28.07,30.16,44.11,5.38,17.2,4.31,5.24,201.21,9.43,18,47.97,116.49,105.6,265.48,152.19
2022/1/12,8.69,4.32,26.17,24.49,49.76,16,4.01,20.37,48.98,49.59,99.19,394.8,42.51,1967,19.47,59,41.56,35.05,30.2,119.63,285.23,12.31,39.92,54.46,22.27,80.2,28.63,22.83,11.82,21.37,17.87,2.98,52.5,39.76,4.72,27.87,30.1,47.05,5.26,17.21,4.31,5.33,212,10.01,18.37,48.15,116.9,107.42,271,154.97
2022/1/13,8.72,4.37,26.36,23.92,49.34,15.55,4.01,20.12,47.69,47.48,97.07,390,41.09,1877.39,19.62,58.49,40.4,35,28.66,116.2,280.88,12.29,39,53.2,22.36,79.25,28.34,23.19,11.55,21.24,17.79,3.01,52.3,39.61,4.73,27.94,30.03,44.99,5.2,17.16,4.3,5.48,207.03,10.06,18.18,48.21,115.83,105.51,266.59,155.14
2022/1/14,8.59,4.25,25.03,23.38,48.02,14.95,3.97,19.82,50.17,46.65,96.1,386.1,41.42,1867,19.36,57.63,39.06,36.5,28.33,119.2,275.9,11.99,38.86,52.8,22.45,79.25,27.79,22.52,11.34,20.66,17.24,2.97,51.1,38.6,4.68,27.11,29,45.02,5.02,16.76,4.26,5.29,200.49,9.82,18.29,47.37,113.98,102.92,277.05,157.4
2022/1/17,8.57,4.23,25.67,23.42,48.58,15.37,3.97,19.99,49.69,46.41,95.53,392.82,41.54,1861.61,19.17,58.44,39.01,39.75,28.18,121.02,279.37,12.03,39.16,53.5,22.62,81.01,27.92,22.39,11.42,20.51,17.29,2.95,50.94,38.41,4.65,27.09,28.88,45.51,4.99,17.03,4.27,5.32,190.43,9.68,17.44,47.2,114.16,102.74,290.6,161.71
2022/1/18,8.63,4.34,25.7,23.54,49.01,16.15,4.02,20.13,49.03,46.21,98.8,399.9,41.28,1892.27,19.09,59.85,40.19,38.81,28.63,121.08,283.28,12.04,39.42,53.75,22.86,79.51,27.98,23.34,11.72,21.3,17.48,2.99,51.23,38.67,4.69,27.48,29.05,45.84,5.28,17.15,4.29,5.49,190.71,9.94,18.13,46.87,117.8,103.73,296.29,161.37
2022/1/19,8.64,4.34,25.7,24.35,49.7,16.09,4.01,20.04,48.02,45.73,96.47,391,40.51,1912,19.25,59.92,42.94,38.88,28.95,117.8,277.75,12.09,39.31,52,22.95,78.51,28.01,23.51,11.64,21.51,17.85,2.98,51.45,38.78,4.7,27.66,29.16,44.37,5.37,17.51,4.26,5.5,188.62,9.89,17.65,46.96,112,103.97,292,157.9
2022/1/20,8.8,4.35,25.7,24.25,51.37,15.5,4.01,20.07,48.52,45.69,95.32,386.99,40,1969.52,19.5,60.2,42.67,38.74,30.01,117.47,277.98,12.38,40.06,50.76,23.08,78.2,28.38,23.88,11.77,22.15,18.54,3,53.4,40.53,4.75,28.49,29.76,44.44,5.4,18.16,4.28,5.4,193.88,10.12,17.44,47.89,111,105.15,293.25,158.8
2022/1/21,8.76,4.29,25.7,23.18,51.82,15.48,4,19.75,51.42,44.94,93.67,379.22,39.94,1984.99,19.79,60.45,41.19,38.55,29.8,114.92,280.23,12.35,40.06,50.23,22.98,76,28.16,24.01,11.61,21.8,18.37,3,53.55,40.01,4.7,28.21,29.54,44,5.33,18.01,4.27,5.17,200.66,10.27,16.7,47.16,107.69,107,285.22,153
2022/1/24,8.69,4.28,25.7,22.75,51.85,15.99,3.97,19.52,47.68,43.29,93.43,376.2,40.84,1950.2,19.67,61.23,41.91,39.18,29.45,119,274.75,12.18,39.4,50.15,22.85,76.54,27.89,24.12,11.49,22.06,18.37,2.99,53.13,39.6,4.7,27.85,29.19,43.26,5.41,18.33,4.28,5.3,207.3,10.29,16.62,47.05,111.9,103.31,289.01,155.5
2022/1/25,8.56,4.19,25.7,21.81,50.9,15.54,3.82,19.06,45,42.82,90.6,369.2,38.85,1943,20.17,58.65,40.84,37.8,29.2,116.48,268.33,11.9,38.66,49,22.44,74.45,26.6,23.4,11.31,21.42,17.95,2.95,51.2,38.82,4.67,27.09,28.55,42.93,5.3,17.68,4.2,5.14,206.63,10.11,16.33,46.02,109.7,100.92,278.6,148.41
2022/1/26,8.57,4.25,25.7,21.97,51,15.55,3.81,19.14,43.95,42.09,91.4,370.53,40.05,1955,19.87,59.39,40.84,37.91,29.28,118.75,285.6,11.97,38.88,50.38,22.57,77.31,27.05,23.17,11.25,21.33,18.62,2.96,51.83,39.13,4.69,27.22,28.65,42.65,5.38,18.17,4.21,5.28,207.35,10.18,16.69,46.17,104.22,99.6,276.38,149.92
2022/1/27,8.45,4.23,24.15,20.73,50.77,15.65,3.71,18.83,43.41,41.09,92.03,362.71,38.69,1965,18.56,59.8,39.87,36,28.46,110.12,286.42,11.66,38.12,48.87,22.38,74.43,26.35,23.48,11.13,21.3,18.1,2.95,50.79,38.3,4.68,26.9,28.02,40.45,5.37,17.54,4.15,5.24,203.7,9.91,16.47,44.28,103.22,96.06,262.5,146.61
2022/1/28,8.41,4.19,24.6,20.14,49.21,15.7,3.71,18.66,42.53,40.95,90.35,357.24,37.35,1887,18.75,58.57,39.21,34.91,27.65,107,275.15,11.48,38.07,48.18,21.92,70.11,26.43,22.54,11.11,20.88,17.63,2.96,49.97,37.49,4.66,26.26,27.56,39.96,5.2,17.08,4.16,5.02,206.56,9.76,16.12,43.45,104.8,96.46,254.2,139.1
2022/2/7,8.52,4.36,25.28,20.74,51.35,15.96,3.76,18.93,43.07,41.14,92.63,354.88,39.85,1867.96,18.79,58.31,42.17,35.12,27.77,110.18,268.3,11.6,38.76,48.15,22.39,73.22,26.73,23.51,11.16,22.01,17.98,3,51.98,38.34,4.74,26.9,28.2,41.1,5.48,17.29,4.21,5.48,210.81,10.25,16.53,43.97,104.5,95.2,244.45,143.83
2022/2/8,8.65,4.42,25.37,21.25,51.71,15.8,3.92,19.1,43.51,41.72,94,346.11,38.75,1839,19.09,58.06,41.97,36.15,27.26,108.36,256.5,11.89,38.65,48.19,23.22,71.86,27.03,24.96,11.29,22.38,18.41,3.06,53,38.98,4.85,27.41,28.85,40.3,5.49,17.53,4.29,5.53,210.38,10.35,17,44.96,94.06,95.5,236.8,140.96
2022/2/9,8.64,4.39,25.31,21.19,51.62,15.59,4.05,19.2,43.74,42.01,94.89,349.96,39,1895.98,19.25,59.08,42.07,36.45,27.68,108.45,271,11.87,39.93,49.5,23.33,71.18,27.02,24.44,11.35,22.27,18.31,3.05,53.04,38.97,4.84,27.36,28.84,41.35,5.41,17.39,4.41,5.48,212.6,10.78,16.97,45.26,92.73,95.83,232.23,143.27
2022/2/10,8.69,4.45,25.33,21.21,51.71,16.02,4.01,19.12,43.31,41.57,96.6,350.7,38.58,1873,19.29,56.47,43.58,35.5,26.81,110.39,269.9,11.89,40.01,49.69,23.78,68.5,27.03,25.6,11.41,22.65,18.37,3.08,54.18,39.52,4.86,27.88,29.44,40.3,5.46,17.7,4.32,5.52,224,11.21,17.05,45.34,85.86,95.71,231.97,145.04
2022/2/11,8.74,4.5,25.69,20.82,52.76,15.75,4,19.08,41.58,41.26,98.14,340.03,37.9,1849.97,18.97,53.69,44.08,33.5,26.55,108.29,282.6,11.9,39.83,48.03,23.74,65.15,26.96,26.11,11.33,22.99,18.35,3.08,55.59,40.81,4.87,28.83,31.6,38.71,5.6,17.9,4.31,5.8,225.43,11.06,17.07,45.06,83.07,94.79,227.55,141.3
2022/2/14,8.6,4.44,24.8,20.46,51.2,15.31,3.96,18.8,41.58,39.75,99.12,342.5,37.45,1868.67,19.97,52.22,42.45,32,25.89,106.47,293.1,11.71,40,47.55,23.39,65.33,26,25.77,11.26,22.25,17.66,3.04,53.9,39.79,4.8,27.92,30.8,38.1,5.35,16.87,4.26,5.82,227.5,11.06,16.15,43.43,85.3,96,229,139.54
2022/2/15,8.55,4.35,24.69,20.75,50.22,15.32,3.93,18.8,42.27,41.2,97.18,352.49,38.64,1890.62,20.13,54.79,42.1,32.87,26.13,112.73,299.37,11.72,39.88,49.28,23.1,68.57,26.45,25.1,11.24,21.85,17.65,3.02,53.28,39.49,4.76,27.71,30.7,38.65,5.31,17.05,4.24,5.65,222.84,10.9,16.16,43.38,93.83,97.35,241.38,145.31
2022/2/16,8.59,4.35,24.54,20.82,51.07,15.84,3.97,18.98,42.04,40.57,97.5,353.55,38.41,1892.55,19.31,54.3,42.49,32.39,26.2,113.6,299.16,11.72,40.29,48,23.09,68.07,26.42,25.19,11.27,22.18,17.63,3.04,53.84,39.7,4.78,27.85,30.76,39.26,5.41,17.1,4.25,5.64,224.2,10.93,16.69,43.8,97.73,97.28,240,145.8
2022/2/17,8.56,4.35,24.31,20.75,51.46,15.49,3.94,18.87,41.9,40.61,97.79,356.35,39.65,1886.99,20.23,53.76,42.63,32.52,26.01,113.63,297.17,11.61,40.43,48.36,23.24,69.5,26.16,25.31,11.25,22.3,17.41,3.04,53.65,39.34,4.78,27.65,30.43,38.88,5.36,16.85,4.22,5.7,220.53,11.27,16.69,43.32,98.4,96.92,242.9,149.31
2022/2/18,8.67,4.38,24.64,20.89,52.06,16.33,3.96,18.9,43.15,40.96,98.42,358.3,39.06,1907,19.91,53.49,43.53,32.19,26.22,111.75,298.67,11.7,40.56,48.17,23.23,68.55,26.39,25.79,11.29,22.89,17.59,3.05,54.5,39.89,4.81,27.98,30.55,38.25,5.5,16.93,4.26,5.63,221.35,11.23,16.89,43.46,98.25,97.88,239.4,145.99
2022/2/21,8.6,4.36,24.52,20.78,51.76,16.34,3.97,18.83,42.92,40.93,98.07,355,39.57,1876.99,19.85,53.22,43.16,33.18,26.28,109.42,295.32,11.7,41.01,47.86,23.05,68.3,27.14,26.41,11.4,22.76,17.59,3.03,54.16,39.97,4.82,27.8,30.17,38.12,5.46,16.83,4.19,5.57,215.55,11.12,16.79,44.32,98.2,99.46,236.95,144.4
2022/2/22,8.58,4.4,24.03,20.38,51.22,16.45,3.93,18.46,41.75,40.11,96.2,351.94,41.81,1807.87,20.46,51.79,42.49,32.08,25.61,108,290.76,11.54,40.49,47.19,22.84,69.09,26.6,26.6,11.27,23.08,17.2,3.01,53.07,39.48,4.78,27.36,29.97,36.92,5.39,16.41,4.16,5.8,210.8,11.2,16.25,43.33,96.8,96.8,238,146.18
2022/2/23,8.54,4.33,24.25,20.75,50.83,16.08,3.93,18.74,42.2,40.9,95.3,359,42.97,1827.01,19.94,53,41.86,32.73,25.96,115.64,294.81,11.59,40.24,49.2,22.8,72,26.88,25.51,11.34,22.5,17.3,3.01,52.89,39.3,4.77,27.23,29.83,38.47,5.3,16.54,4.18,5.67,210.89,10.92,16.51,43.9,99.66,96.81,248.29,153.9
2022/2/24,8.44,4.39,23.46,20.19,50.02,15.97,3.87,18.33,41.11,39.68,93.61,350.74,42.12,1764.11,21.41,51.07,40.58,31.07,25.35,115.4,290.39,11.26,39.52,50.07,22.66,73.05,25.97,25.5,11.2,22.32,16.7,2.97,51.46,38.35,4.7,26.66,28.94,36.59,5.15,15.95,4.13,5.91,203.99,11,16.16,42.42,98.7,95.55,245.95,151.73
2022/2/25,8.43,4.3,23.32,20.17,49.81,15.81,3.85,18.37,42.1,40.11,94.5,356.97,42.09,1799.06,20.76,52.27,40.31,31.4,25.6,118.3,289.8,11.22,39.5,50.04,22.75,74.56,25.9,24.57,11.2,22.11,16.7,2.97,51.4,38.34,4.67,26.58,28.93,37,5.07,15.9,4.14,5.73,210.12,10.95,16.25,42.37,103.4,97.43,245.01,154.7
2022/2/28,8.39,4.33,23.33,19.61,49.8,15.82,3.82,18.11,42.4,40.08,94.8,361.31,42.9,1790.4,20.76,52.24,40.3,31.35,25.49,116.7,292.23,11.24,39.52,50.52,23.18,77.67,25.7,25.24,11.17,22.07,16.69,2.98,50.76,38.1,4.66,26.44,28.78,36.51,5.09,15.84,4.12,5.77,202.5,11.22,17.52,42.34,103.93,99,245.81,153.31
2022/3/1,8.44,4.32,23.37,19.74,50.24,16.35,3.85,18.4,42.37,41.06,94.08,363.8,43.35,1858.48,20.41,52.16,40.78,31.37,25.71,118.24,297.27,11.26,39.5,51.81,23.27,80.05,25.97,26.05,11.17,22.17,16.75,3,51.39,38.39,4.68,26.69,29.29,36.8,5.16,16,4.13,5.73,208.25,11.15,17.81,42.76,105.75,101.7,246.8,153.14
